GRID_TYPE,GAME_ID,GAME_EVENT_ID,PLAYER_ID,PLAYER_NAME,TEAM_ID,TEAM_NAME,PERIOD,MINUTES_REMAINING,SECONDS_REMAINING,EVENT_TYPE,ACTION_TYPE,SHOT_TYPE,SHOT_ZONE_BASIC,SHOT_ZONE_AREA,SHOT_ZONE_RANGE,SHOT_DISTANCE,LOC_X,LOC_Y,SHOT_ATTEMPTED_FLAG,SHOT_MADE_FLAG,GAME_DATE,HTM,VTM
Shot Chart Detail,0022400007,12,201939,Stephen Curry,1610612744,Golden State Warriors,1,11,28,Made Shot,Jump Shot,3PT Field Goal,Above the Break 3,Left Side Center(LC),24+ ft.,25,-199,157,1,1,20241112,GSW,DAL
Shot Chart Detail,0022400007,37,201939,Stephen Curry,1610612744,Golden State Warriors,1,9,14,Made Shot,Driving Finger Roll Layup Shot,2PT Field Goal,Restricted Area,Center(C),Less Than 8 ft.,3,-34,15,1,1,20241112,GSW,DAL
Shot Chart Detail,0022400007,42,201939,Stephen Curry,1610612744,Golden State Warriors,1,9,0,Missed Shot,Running Pull-Up Jump Shot,3PT Field Goal,Above the Break 3,Right Side Center(RC),24+ ft.,29,179,237,1,0,20241112,GSW,DAL
Shot Chart Detail,0022400007,94,201939,Stephen Curry,1610612744,Golden State Warriors,1,6,22,Made Shot,Step Back Jump shot,3PT Field Goal,Above the Break 3,Left Side Center(LC),24+ ft.,31,-175,264,1,1,20241112,GSW,DAL
Shot Chart Detail,0022400007,121,201939,Stephen Curry,1610612744,Golden State Warriors,1,4,26,Missed Shot,Fadeaway Jump Shot,2PT Field Goal,Mid-Range,Right Side(R),8-16 ft.,14,137,36,1,0,20241112,GSW,DAL
Shot Chart Detail,0022400007,128,201939,Stephen Curry,1610612744,Golden State Warriors,1,4,7,Made Shot,Pullup Jump shot,2PT Field Goal,Mid-Range,Right Side Center(RC),16-24 ft.,20,161,120,1,1,20241112,GSW,DAL
Shot Chart Detail,0022400007,133,201939,Stephen Curry,1610612744,Golden State Warriors,1,3,33,Missed Shot,Driving Reverse Layup Shot,2PT Field Goal,Restricted Area,Center(C),Less Than 8 ft.,2,-20,2,1,0,20241112,GSW,DAL
Shot Chart Detail,0022400007,148,201939,Stephen Curry,1610612744,Golden State Warriors,1,2,14,Made Shot,Step Back Jump shot,2PT Field Goal,Mid-Range,Center(C),16-24 ft.,18,-25,183,1,1,20241112,GSW,DAL
Shot Chart Detail,0022400007,295,201939,Stephen Curry,1610612744,Golden State Warriors,2,4,18,Missed Shot,Pullup Jump shot,3PT Field Goal,Above the Break 3,Right Side Center(RC),24+ ft.,28,129,252,1,0,20241112,GSW,DAL
Shot Chart Detail,0022400007,347,201939,Stephen Curry,1610612744,Golden State Warriors,2,0,8,Made Shot,Driving Floating Jump Shot,2PT Field Goal,In The Paint (Non-RA),Center(C),Less Than 8 ft.,7,5,71,1,1,20241112,GSW,DAL
Shot Chart Detail,0022400007,370,201939,Stephen Curry,1610612744,Golden State Warriors,3,11,27,Made Shot,Driving Bank Hook Shot,2PT Field Goal,In The Paint (Non-RA),Center(C),Less Than 8 ft.,4,-48,9,1,1,20241112,GSW,DAL
Shot Chart Detail,0022400007,383,201939,Stephen Curry,1610612744,Golden State Warriors,3,10,6,Missed Shot,Driving Layup Shot,2PT Field Goal,In The Paint (Non-RA),Center(C),Less Than 8 ft.,5,53,11,1,0,20241112,GSW,DAL
Shot Chart Detail,0022400007,387,201939,Stephen Curry,1610612744,Golden State Warriors,3,9,50,Made Shot,Running Layup Shot,2PT Field Goal,In The Paint (Non-RA),Center(C),Less Than 8 ft.,5,49,30,1,1,20241112,GSW,DAL
Shot Chart Detail,0022400007,391,201939,Stephen Curry,1610612744,Golden State Warriors,3,9,28,Missed Shot,Jump Shot,3PT Field Goal,Above the Break 3,Center(C),24+ ft.,27,22,273,1,0,20241112,GSW,DAL
Shot Chart Detail,0022400007,414,201939,Stephen Curry,1610612744,Golden State Warriors,3,8,4,Made Shot,Pullup Jump shot,3PT Field Goal,Above the Break 3,Right Side Center(RC),24+ ft.,28,135,247,1,1,20241112,GSW,DAL
Shot Chart Detail,0022400007,443,201939,Stephen Curry,1610612744,Golden State Warriors,3,6,35,Missed Shot,Pullup Jump shot,3PT Field Goal,Above the Break 3,Center(C),24+ ft.,30,-11,305,1,0,20241112,GSW,DAL
Shot Chart Detail,0022400007,465,201939,Stephen Curry,1610612744,Golden State Warriors,3,5,5,Missed Shot,Driving Layup Shot,2PT Field Goal,In The Paint (Non-RA),Center(C),Less Than 8 ft.,5,-49,16,1,0,20241112,GSW,DAL
Shot Chart Detail,0022400007,488,201939,Stephen Curry,1610612744,Golden State Warriors,3,4,10,Made Shot,Driving Floating Bank Jump Shot,2PT Field Goal,In The Paint (Non-RA),Center(C),Less Than 8 ft.,6,62,30,1,1,20241112,GSW,DAL
Shot Chart Detail,0022400007,520,201939,Stephen Curry,1610612744,Golden State Warriors,3,2,9,Missed Shot,Driving Finger Roll Layup Shot,2PT Field Goal,In The Paint (Non-RA),Center(C),Less Than 8 ft.,5,47,27,1,0,20241112,GSW,DAL
Shot Chart Detail,0022400007,522,201939,Stephen Curry,1610612744,Golden State Warriors,3,2,6,Missed Shot,Jump Shot,3PT Field Goal,Left Corner 3,Left Side(L),24+ ft.,23,-230,37,1,0,20241112,GSW,DAL
Shot Chart Detail,0022400007,625,201939,Stephen Curry,1610612744,Golden State Warriors,4,6,35,Missed Shot,Driving Reverse Layup Shot,2PT Field Goal,Restricted Area,Center(C),Less Than 8 ft.,3,-39,4,1,0,20241112,GSW,DAL
Shot Chart Detail,0022400007,632,201939,Stephen Curry,1610612744,Golden State Warriors,4,6,19,Missed Shot,Step Back Jump shot,3PT Field Goal,Above the Break 3,Left Side Center(LC),24+ ft.,25,-86,242,1,0,20241112,GSW,DAL
Shot Chart Detail,0022400007,669,201939,Stephen Curry,1610612744,Golden State Warriors,4,4,20,Missed Shot,Pullup Jump shot,3PT Field Goal,Above the Break 3,Center(C),24+ ft.,27,4,272,1,0,20241112,GSW,DAL
Shot Chart Detail,0022400007,686,201939,Stephen Curry,1610612744,Golden State Warriors,4,3,10,Made Shot,Pullup Jump shot,2PT Field Goal,Mid-Range,Left Side(L),8-16 ft.,15,-120,92,1,1,20241112,GSW,DAL
Shot Chart Detail,0022400007,690,201939,Stephen Curry,1610612744,Golden State Warriors,4,2,36,Made Shot,Pullup Jump shot,3PT Field Goal,Above the Break 3,Right Side Center(RC),24+ ft.,28,138,251,1,1,20241112,GSW,DAL
Shot Chart Detail,0022400007,699,201939,Stephen Curry,1610612744,Golden State Warriors,4,1,50,Made Shot,Driving Finger Roll Layup Shot,2PT Field Goal,In The Paint (Non-RA),Center(C),Less Than 8 ft.,4,36,30,1,1,20241112,GSW,DAL
Shot Chart Detail,0022400007,706,201939,Stephen Curry,1610612744,Golden State Warriors,4,0,27,Made Shot,Step Back Jump shot,3PT Field Goal,Above the Break 3,Center(C),24+ ft.,28,49,277,1,1,20241112,GSW,DAL
Shot Chart Detail,0022400019,119,201939,Stephen Curry,1610612744,Golden State Warriors,1,3,20,Missed Shot,Jump Shot,3PT Field Goal,Above the Break 3,Left Side Center(LC),24+ ft.,25,-154,198,1,0,20241115,GSW,MEM
Shot Chart Detail,0022400019,289,201939,Stephen Curry,1610612744,Golden State Warriors,2,5,6,Missed Shot,Running Layup Shot,2PT Field Goal,In The Paint (Non-RA),Center(C),Less Than 8 ft.,5,23,45,1,0,20241115,GSW,MEM
Shot Chart Detail,0022400019,300,201939,Stephen Curry,1610612744,Golden State Warriors,2,4,24,Missed Shot,Pullup Jump shot,3PT Field Goal,Above the Break 3,Center(C),24+ ft.,26,45,257,1,0,20241115,GSW,MEM
Shot Chart Detail,0022400019,325,201939,Stephen Curry,1610612744,Golden State Warriors,2,2,40,Made Shot,Jump Shot,3PT Field Goal,Above the Break 3,Right Side Center(RC),24+ ft.,25,205,159,1,1,20241115,GSW,MEM
Shot Chart Detail,0022400019,383,201939,Stephen Curry,1610612744,Golden State Warriors,2,0,2,Made Shot,Fadeaway Jump Shot,2PT Field Goal,Mid-Range,Right Side(R),8-16 ft.,13,131,6,1,1,20241115,GSW,MEM
Shot Chart Detail,0022400019,409,201939,Stephen Curry,1610612744,Golden State Warriors,3,11,19,Made Shot,Step Back Jump shot,3PT Field Goal,Above the Break 3,Left Side Center(LC),24+ ft.,25,-147,210,1,1,20241115,GSW,MEM
Shot Chart Detail,0022400019,412,201939,Stephen Curry,1610612744,Golden State Warriors,3,10,57,Missed Shot,Running Pull-Up Jump Shot,3PT Field Goal,Above the Break 3,Left Side Center(LC),24+ ft.,30,-125,281,1,0,20241115,GSW,MEM
Shot Chart Detail,0022400019,498,201939,Stephen Curry,1610612744,Golden State Warriors,3,5,33,Missed Shot,Pullup Jump shot,3PT Field Goal,Above the Break 3,Center(C),24+ ft.,29,10,294,1,0,20241115,GSW,MEM
Shot Chart Detail,0022400019,538,201939,Stephen Curry,1610612744,Golden State Warriors,3,3,33,Made Shot,Pullup Jump shot,3PT Field Goal,Above the Break 3,Left Side Center(LC),24+ ft.,26,-181,188,1,1,20241115,GSW,MEM
Shot Chart Detail,0022400032,41,201939,Stephen Curry,1610612744,Golden State Warriors,1,9,18,Made Shot,Pullup Jump shot,3PT Field Goal,Above the Break 3,Center(C),24+ ft.,29,-20,299,1,1,20241122,NOP,GSW
Shot Chart Detail,0022400032,85,201939,Stephen Curry,1610612744,Golden State Warriors,1,5,37,Made Shot,Reverse Layup Shot,2PT Field Goal,Restricted Area,Center(C),Less Than 8 ft.,0,-4,8,1,1,20241122,NOP,GSW
Shot Chart Detail,0022400032,91,201939,Stephen Curry,1610612744,Golden State Warriors,1,5,0,Missed Shot,Pullup Jump shot,3PT Field Goal,Above the Break 3,Left Side Center(LC),24+ ft.,26,-164,210,1,0,20241122,NOP,GSW
Shot Chart Detail,0022400032,291,201939,Stephen Curry,1610612744,Golden State Warriors,2,4,21,Made Shot,Running Jump Shot,3PT Field Goal,Above the Break 3,Right Side Center(RC),24+ ft.,26,192,184,1,1,20241122,NOP,GSW
Shot Chart Detail,0022400032,294,201939,Stephen Curry,1610612744,Golden State Warriors,2,3,48,Missed Shot,Jump Shot,2PT Field Goal,Mid-Range,Right Side Center(RC),16-24 ft.,19,92,167,1,0,20241122,NOP,GSW
Shot Chart Detail,0022400032,307,201939,Stephen Curry,1610612744,Golden State Warriors,2,2,48,Missed Shot,Driving Floating Jump Shot,2PT Field Goal,Mid-Range,Left Side(L),16-24 ft.,16,-159,21,1,0,20241122,NOP,GSW
Shot Chart Detail,0022400032,326,201939,Stephen Curry,1610612744,Golden State Warriors,2,1,3,Made Shot,Jump Shot,3PT Field Goal,Above the Break 3,Left Side Center(LC),24+ ft.,26,-152,218,1,1,20241122,NOP,GSW
Shot Chart Detail,0022400032,358,201939,Stephen Curry,1610612744,Golden State Warriors,3,11,49,Missed Shot,Jump Shot,3PT Field Goal,Above the Break 3,Left Side Center(LC),24+ ft.,26,-94,243,1,0,20241122,NOP,GSW
Shot Chart Detail,0022400032,380,201939,Stephen Curry,1610612744,Golden State Warriors,3,9,24,Missed Shot,Fadeaway Jump Shot,2PT Field Goal,In The Paint (Non-RA),Center(C),8-16 ft.,10,13,100,1,0,20241122,NOP,GSW
Shot Chart Detail,0022400032,420,201939,Stephen Curry,1610612744,Golden State Warriors,3,6,6,Made Shot,Pullup Jump shot,3PT Field Goal,Above the Break 3,Right Side Center(RC),24+ ft.,27,179,210,1,1,20241122,NOP,GSW
Shot Chart Detail,0022400032,638,201939,Stephen Curry,1610612744,Golden State Warriors,4,4,6,Missed Shot,Jump Shot,3PT Field Goal,Above the Break 3,Right Side Center(RC),24+ ft.,24,218,117,1,0,20241122,NOP,GSW
Shot Chart Detail,0022400032,645,201939,Stephen Curry,1610612744,Golden State Warriors,4,3,38,Missed Shot,Driving Floating Jump Shot,2PT Field Goal,In The Paint (Non-RA),Right Side(R),8-16 ft.,8,43,74,1,0,20241122,NOP,GSW
Shot Chart Detail,0022400032,651,201939,Stephen Curry,1610612744,Golden State Warriors,4,2,53,Made Shot,Reverse Layup Shot,2PT Field Goal,Restricted Area,Center(C),Less Than 8 ft.,0,-7,1,1,1,20241122,NOP,GSW
Shot Chart Detail,0022400058,145,201939,Stephen Curry,1610612744,Golden State Warriors,1,2,3,Missed Shot,Jump Shot,3PT Field Goal,Above the Break 3,Right Side Center(RC),24+ ft.,26,153,215,1,0,20241203,DEN,GSW
Shot Chart Detail,0022400058,148,201939,Stephen Curry,1610612744,Golden State Warriors,1,1,35,Missed Shot,Fadeaway Jump Shot,2PT Field Goal,Mid-Range,Left Side(L),16-24 ft.,16,-157,55,1,0,20241203,DEN,GSW
Shot Chart Detail,0022400058,154,201939,Stephen Curry,1610612744,Golden State Warriors,1,1,29,Made Shot,Jump Shot,3PT Field Goal,Above the Break 3,Center(C),24+ ft.,26,64,257,1,1,20241203,DEN,GSW
Shot Chart Detail,0022400058,158,201939,Stephen Curry,1610612744,Golden State Warriors,1,0,59,Missed Shot,Driving Finger Roll Layup Shot,2PT Field Goal,In The Paint (Non-RA),Center(C),Less Than 8 ft.,4,-38,21,1,0,20241203,DEN,GSW
Shot Chart Detail,0022400058,168,201939,Stephen Curry,1610612744,Golden State Warriors,1,0,36,Missed Shot,Pullup Jump shot,3PT Field Goal,Above the Break 3,Center(C),24+ ft.,30,77,291,1,0,20241203,DEN,GSW
Shot Chart Detail,0022400058,172,201939,Stephen Curry,1610612744,Golden State Warriors,1,0,6,Made Shot,Driving Finger Roll Layup Shot,2PT Field Goal,Restricted Area,Center(C),Less Than 8 ft.,2,20,16,1,1,20241203,DEN,GSW
Shot Chart Detail,0022400058,204,201939,Stephen Curry,1610612744,Golden State Warriors,2,10,35,Made Shot,Driving Finger Roll Layup Shot,2PT Field Goal,In The Paint (Non-RA),Center(C),Less Than 8 ft.,4,-36,28,1,1,20241203,DEN,GSW
Shot Chart Detail,0022400058,208,201939,Stephen Curry,1610612744,Golden State Warriors,2,10,4,Missed Shot,Jump Shot,3PT Field Goal,Above the Break 3,Left Side Center(LC),24+ ft.,26,-217,148,1,0,20241203,DEN,GSW
Shot Chart Detail,0022400058,222,201939,Stephen Curry,1610612744,Golden State Warriors,2,8,56,Made Shot,Jump Shot,3PT Field Goal,Left Corner 3,Left Side(L),24+ ft.,24,-233,59,1,1,20241203,DEN,GSW
Shot Chart Detail,0022400058,246,201939,Stephen Curry,1610612744,Golden State Warriors,2,7,54,Missed Shot,Step Back Jump shot,3PT Field Goal,Above the Break 3,Left Side Center(LC),24+ ft.,27,-138,233,1,0,20241203,DEN,GSW
Shot Chart Detail,0022400058,254,201939,Stephen Curry,1610612744,Golden State Warriors,2,6,44,Made Shot,Jump Shot,3PT Field Goal,Above the Break 3,Center(C),24+ ft.,28,62,278,1,1,20241203,DEN,GSW
Shot Chart Detail,0022400058,352,201939,Stephen Curry,1610612744,Golden State Warriors,2,0,21,Missed Shot,Step Back Jump shot,3PT Field Goal,Above the Break 3,Center(C),24+ ft.,29,27,293,1,0,20241203,DEN,GSW
Shot Chart Detail,0022400058,382,201939,Stephen Curry,1610612744,Golden State Warriors,3,10,40,Missed Shot,Jump Shot,3PT Field Goal,Left Corner 3,Left Side(L),24+ ft.,22,-223,2,1,0,20241203,DEN,GSW
Shot Chart Detail,0022400058,388,201939,Stephen Curry,1610612744,Golden State Warriors,3,10,12,Missed Shot,Driving Finger Roll Layup Shot,2PT Field Goal,Restricted Area,Center(C),Less Than 8 ft.,1,13,10,1,0,20241203,DEN,GSW
Shot Chart Detail,0022400058,392,201939,Stephen Curry,1610612744,Golden State Warriors,3,9,49,Missed Shot,Jump Shot,3PT Field Goal,Left Corner 3,Left Side(L),24+ ft.,22,-223,2,1,0,20241203,DEN,GSW
Shot Chart Detail,0022400058,553,201939,Stephen Curry,1610612744,Golden State Warriors,3,0,35,Missed Shot,Pullup Jump shot,3PT Field Goal,Above the Break 3,Center(C),24+ ft.,29,82,281,1,0,20241203,DEN,GSW
Shot Chart Detail,0022400058,582,201939,Stephen Curry,1610612744,Golden State Warriors,4,10,27,Missed Shot,Step Back Jump shot,2PT Field Goal,Mid-Range,Left Side(L),8-16 ft.,14,-116,87,1,0,20241203,DEN,GSW
Shot Chart Detail,0022400058,584,201939,Stephen Curry,1610612744,Golden State Warriors,4,10,21,Missed Shot,Jump Shot,3PT Field Goal,Above the Break 3,Center(C),24+ ft.,26,-70,258,1,0,20241203,DEN,GSW
Shot Chart Detail,0022400058,613,201939,Stephen Curry,1610612744,Golden State Warriors,4,8,11,Made Shot,Jump Shot,3PT Field Goal,Above the Break 3,Right Side Center(RC),24+ ft.,25,186,176,1,1,20241203,DEN,GSW
Shot Chart Detail,0022400058,675,201939,Stephen Curry,1610612744,Golden State Warriors,4,4,3,Made Shot,Driving Finger Roll Layup Shot,2PT Field Goal,Restricted Area,Center(C),Less Than 8 ft.,3,-6,32,1,1,20241203,DEN,GSW
Shot Chart Detail,0022400058,687,201939,Stephen Curry,1610612744,Golden State Warriors,4,3,0,Missed Shot,Step Back Jump shot,3PT Field Goal,Above the Break 3,Center(C),24+ ft.,26,43,260,1,0,20241203,DEN,GSW
Shot Chart Detail,0022400058,693,201939,Stephen Curry,1610612744,Golden State Warriors,4,2,32,Made Shot,Turnaround Fadeaway shot,2PT Field Goal,Mid-Range,Right Side(R),8-16 ft.,13,112,82,1,1,20241203,DEN,GSW
Shot Chart Detail,0022400058,722,201939,Stephen Curry,1610612744,Golden State Warriors,4,1,2,Missed Shot,Pullup Jump shot,3PT Field Goal,Above the Break 3,Right Side Center(RC),24+ ft.,26,115,242,1,0,20241203,DEN,GSW
Shot Chart Detail,0022400072,27,201939,Stephen Curry,1610612744,Golden State Warriors,1,10,18,Missed Shot,Jump Shot,3PT Field Goal,Above the Break 3,Center(C),24+ ft.,25,-1,257,1,0,20241023,POR,GSW
Shot Chart Detail,0022400072,46,201939,Stephen Curry,1610612744,Golden State Warriors,1,9,0,Missed Shot,Running Pull-Up Jump Shot,3PT Field Goal,Right Corner 3,Right Side(R),24+ ft.,22,223,29,1,0,20241023,POR,GSW
Shot Chart Detail,0022400072,62,201939,Stephen Curry,1610612744,Golden State Warriors,1,7,42,Missed Shot,Jump Shot,3PT Field Goal,Above the Break 3,Right Side Center(RC),24+ ft.,25,99,239,1,0,20241023,POR,GSW
Shot Chart Detail,0022400072,110,201939,Stephen Curry,1610612744,Golden State Warriors,1,4,34,Missed Shot,Driving Finger Roll Layup Shot,2PT Field Goal,Restricted Area,Center(C),Less Than 8 ft.,2,23,8,1,0,20241023,POR,GSW
Shot Chart Detail,0022400072,263,201939,Stephen Curry,1610612744,Golden State Warriors,2,6,38,Missed Shot,Driving Finger Roll Layup Shot,2PT Field Goal,Restricted Area,Center(C),Less Than 8 ft.,2,16,13,1,0,20241023,POR,GSW
Shot Chart Detail,0022400072,309,201939,Stephen Curry,1610612744,Golden State Warriors,2,3,38,Made Shot,Cutting Layup Shot,2PT Field Goal,Restricted Area,Center(C),Less Than 8 ft.,1,13,13,1,1,20241023,POR,GSW
Shot Chart Detail,0022400072,375,201939,Stephen Curry,1610612744,Golden State Warriors,2,0,3,Missed Shot,Jump Shot,3PT Field Goal,Above the Break 3,Right Side Center(RC),24+ ft.,24,224,111,1,0,20241023,POR,GSW
Shot Chart Detail,0022400072,387,201939,Stephen Curry,1610612744,Golden State Warriors,3,11,47,Made Shot,Jump Shot,3PT Field Goal,Above the Break 3,Right Side Center(RC),24+ ft.,25,201,151,1,1,20241023,POR,GSW
Shot Chart Detail,0022400072,453,201939,Stephen Curry,1610612744,Golden State Warriors,3,6,36,Made Shot,Pullup Jump shot,3PT Field Goal,Above the Break 3,Right Side Center(RC),24+ ft.,26,119,240,1,1,20241023,POR,GSW
Shot Chart Detail,0022400072,469,201939,Stephen Curry,1610612744,Golden State Warriors,3,5,36,Made Shot,Jump Shot,3PT Field Goal,Left Corner 3,Left Side(L),24+ ft.,23,-230,9,1,1,20241023,POR,GSW
Shot Chart Detail,0022400084,9,201939,Stephen Curry,1610612744,Golden State Warriors,1,11,24,Made Shot,Cutting Layup Shot,2PT Field Goal,Restricted Area,Center(C),Less Than 8 ft.,2,17,18,1,1,20241025,UTA,GSW
Shot Chart Detail,0022400084,12,201939,Stephen Curry,1610612744,Golden State Warriors,1,10,54,Missed Shot,Jump Shot,3PT Field Goal,Above the Break 3,Center(C),24+ ft.,25,51,251,1,0,20241025,UTA,GSW
Shot Chart Detail,0022400084,46,201939,Stephen Curry,1610612744,Golden State Warriors,1,7,57,Missed Shot,Step Back Jump shot,3PT Field Goal,Above the Break 3,Left Side Center(LC),24+ ft.,25,-143,211,1,0,20241025,UTA,GSW
Shot Chart Detail,0022400084,109,201939,Stephen Curry,1610612744,Golden State Warriors,1,5,1,Missed Shot,Jump Shot,3PT Field Goal,Above the Break 3,Left Side Center(LC),24+ ft.,28,-172,225,1,0,20241025,UTA,GSW
Shot Chart Detail,0022400084,113,201939,Stephen Curry,1610612744,Golden State Warriors,1,4,41,Missed Shot,Running Layup Shot,2PT Field Goal,In The Paint (Non-RA),Center(C),Less Than 8 ft.,5,43,33,1,0,20241025,UTA,GSW
Shot Chart Detail,0022400084,116,201939,Stephen Curry,1610612744,Golden State Warriors,1,4,36,Missed Shot,Jump Shot,3PT Field Goal,Left Corner 3,Left Side(L),24+ ft.,23,-235,10,1,0,20241025,UTA,GSW
Shot Chart Detail,0022400084,129,201939,Stephen Curry,1610612744,Golden State Warriors,1,3,49,Made Shot,Step Back Jump shot,3PT Field Goal,Above the Break 3,Left Side Center(LC),24+ ft.,25,-207,157,1,1,20241025,UTA,GSW
Shot Chart Detail,0022400084,268,201939,Stephen Curry,1610612744,Golden State Warriors,2,6,14,Missed Shot,Cutting Finger Roll Layup Shot,2PT Field Goal,In The Paint (Non-RA),Center(C),Less Than 8 ft.,4,-7,44,1,0,20241025,UTA,GSW
Shot Chart Detail,0022400084,374,201939,Stephen Curry,1610612744,Golden State Warriors,2,0,0,Missed Shot,Driving Floating Jump Shot,2PT Field Goal,In The Paint (Non-RA),Center(C),Less Than 8 ft.,6,-1,68,1,0,20241025,UTA,GSW
Shot Chart Detail,0022400084,384,201939,Stephen Curry,1610612744,Golden State Warriors,3,11,50,Made Shot,Jump Shot,3PT Field Goal,Above the Break 3,Right Side Center(RC),24+ ft.,25,235,105,1,1,20241025,UTA,GSW
Shot Chart Detail,0022400084,405,201939,Stephen Curry,1610612744,Golden State Warriors,3,10,10,Made Shot,Step Back Jump shot,2PT Field Goal,Mid-Range,Right Side(R),16-24 ft.,17,162,77,1,1,20241025,UTA,GSW
Shot Chart Detail,0022400084,419,201939,Stephen Curry,1610612744,Golden State Warriors,3,9,31,Missed Shot,Cutting Layup Shot,2PT Field Goal,Restricted Area,Center(C),Less Than 8 ft.,3,-32,21,1,0,20241025,UTA,GSW
Shot Chart Detail,0022400084,446,201939,Stephen Curry,1610612744,Golden State Warriors,3,8,44,Made Shot,Jump Shot,3PT Field Goal,Left Corner 3,Left Side(L),24+ ft.,23,-232,-2,1,1,20241025,UTA,GSW
Shot Chart Detail,0022400084,461,201939,Stephen Curry,1610612744,Golden State Warriors,3,7,38,Missed Shot,Running Pull-Up Jump Shot,3PT Field Goal,Above the Break 3,Right Side Center(RC),24+ ft.,27,172,219,1,0,20241025,UTA,GSW
Shot Chart Detail,0022400084,466,201939,Stephen Curry,1610612744,Golden State Warriors,3,7,5,Made Shot,Fadeaway Jump Shot,2PT Field Goal,In The Paint (Non-RA),Center(C),8-16 ft.,14,-34,136,1,1,20241025,UTA,GSW
Shot Chart Detail,0022400084,470,201939,Stephen Curry,1610612744,Golden State Warriors,3,6,29,Missed Shot,Jump Shot,3PT Field Goal,Above the Break 3,Right Side Center(RC),24+ ft.,27,189,198,1,0,20241025,UTA,GSW
Shot Chart Detail,0022400084,503,201939,Stephen Curry,1610612744,Golden State Warriors,3,4,9,Missed Shot,Jump Shot,3PT Field Goal,Left Corner 3,Left Side(L),24+ ft.,23,-229,56,1,0,20241025,UTA,GSW
Shot Chart Detail,0022400084,509,201939,Stephen Curry,1610612744,Golden State Warriors,3,3,28,Missed Shot,Jump Shot,3PT Field Goal,Left Corner 3,Left Side(L),24+ ft.,22,-223,3,1,0,20241025,UTA,GSW
Shot Chart Detail,0022400084,517,201939,Stephen Curry,1610612744,Golden State Warriors,3,2,24,Made Shot,Jump Shot,3PT Field Goal,Above the Break 3,Right Side Center(RC),24+ ft.,27,205,185,1,1,20241025,UTA,GSW
Shot Chart Detail,0022400084,521,201939,Stephen Curry,1610612744,Golden State Warriors,3,2,2,Missed Shot,Step Back Jump shot,3PT Field Goal,Above the Break 3,Right Side Center(RC),24+ ft.,27,188,197,1,0,20241025,UTA,GSW
Shot Chart Detail,0022400101,9,201939,Stephen Curry,1610612744,Golden State Warriors,1,11,32,Made Shot,Jump Shot,3PT Field Goal,Right Corner 3,Right Side(R),24+ ft.,24,239,52,1,1,20241027,GSW,LAC
Shot Chart Detail,0022400101,43,201939,Stephen Curry,1610612744,Golden State Warriors,1,8,19,Made Shot,Running Pull-Up Jump Shot,3PT Field Goal,Above the Break 3,Center(C),24+ ft.,27,-16,277,1,1,20241027,GSW,LAC
Shot Chart Detail,0022400101,107,201939,Stephen Curry,1610612744,Golden State Warriors,1,3,26,Missed Shot,Jump Shot,3PT Field Goal,Left Corner 3,Left Side(L),24+ ft.,23,-221,85,1,0,20241027,GSW,LAC
Shot Chart Detail,0022400101,330,201939,Stephen Curry,1610612744,Golden State Warriors,2,3,37,Missed Shot,Pullup Jump shot,3PT Field Goal,Above the Break 3,Center(C),24+ ft.,30,16,306,1,0,20241027,GSW,LAC
Shot Chart Detail,0022400101,356,201939,Stephen Curry,1610612744,Golden State Warriors,2,1,39,Made Shot,Pullup Jump shot,3PT Field Goal,Above the Break 3,Center(C),24+ ft.,26,-28,260,1,1,20241027,GSW,LAC
Shot Chart Detail,0022400101,370,201939,Stephen Curry,1610612744,Golden State Warriors,2,0,1,Missed Shot,Pullup Jump shot,3PT Field Goal,Backcourt,Back Court(BC),Back Court Shot,42,15,425,1,0,20241027,GSW,LAC
Shot Chart Detail,0022400101,419,201939,Stephen Curry,1610612744,Golden State Warriors,3,9,34,Made Shot,Running Finger Roll Layup Shot,2PT Field Goal,Restricted Area,Center(C),Less Than 8 ft.,3,-11,29,1,1,20241027,GSW,LAC
Shot Chart Detail,0022400101,422,201939,Stephen Curry,1610612744,Golden State Warriors,3,9,9,Made Shot,Driving Floating Jump Shot,2PT Field Goal,In The Paint (Non-RA),Right Side(R),8-16 ft.,9,51,84,1,1,20241027,GSW,LAC
Shot Chart Detail,0022400101,450,201939,Stephen Curry,1610612744,Golden State Warriors,3,7,26,Missed Shot,Running Layup Shot,2PT Field Goal,Restricted Area,Center(C),Less Than 8 ft.,3,29,15,1,0,20241027,GSW,LAC
Shot Chart Detail,0022400101,465,201939,Stephen Curry,1610612744,Golden State Warriors,3,5,54,Missed Shot,Driving Layup Shot,2PT Field Goal,Restricted Area,Center(C),Less Than 8 ft.,3,32,23,1,0,20241027,GSW,LAC
Shot Chart Detail,0022400101,481,201939,Stephen Curry,1610612744,Golden State Warriors,3,4,19,Made Shot,Pullup Jump shot,3PT Field Goal,Above the Break 3,Right Side Center(RC),24+ ft.,25,202,153,1,1,20241027,GSW,LAC
Shot Chart Detail,0022400155,15,201939,Stephen Curry,1610612744,Golden State Warriors,1,11,21,Made Shot,Jump Shot,3PT Field Goal,Above the Break 3,Left Side Center(LC),24+ ft.,27,-213,169,1,1,20241104,WAS,GSW
Shot Chart Detail,0022400155,52,201939,Stephen Curry,1610612744,Golden State Warriors,1,7,40,Missed Shot,Jump Shot,3PT Field Goal,Above the Break 3,Right Side Center(RC),24+ ft.,25,219,131,1,0,20241104,WAS,GSW
Shot Chart Detail,0022400155,254,201939,Stephen Curry,1610612744,Golden State Warriors,2,5,30,Missed Shot,Pullup Jump shot,3PT Field Goal,Above the Break 3,Left Side Center(LC),24+ ft.,34,-191,284,1,0,20241104,WAS,GSW
Shot Chart Detail,0022400155,263,201939,Stephen Curry,1610612744,Golden State Warriors,2,5,0,Missed Shot,Driving Layup Shot,2PT Field Goal,In The Paint (Non-RA),Center(C),Less Than 8 ft.,5,-39,32,1,0,20241104,WAS,GSW
Shot Chart Detail,0022400155,296,201939,Stephen Curry,1610612744,Golden State Warriors,2,2,54,Missed Shot,Jump Shot,3PT Field Goal,Above the Break 3,Right Side Center(RC),24+ ft.,27,244,134,1,0,20241104,WAS,GSW
Shot Chart Detail,0022400155,332,201939,Stephen Curry,1610612744,Golden State Warriors,2,0,0,Made Shot,Pullup Jump shot,3PT Field Goal,Right Corner 3,Right Side(R),24+ ft.,24,233,71,1,1,20241104,WAS,GSW
Shot Chart Detail,0022400155,423,201939,Stephen Curry,1610612744,Golden State Warriors,3,5,59,Made Shot,Jump Shot,3PT Field Goal,Right Corner 3,Right Side(R),24+ ft.,25,243,71,1,1,20241104,WAS,GSW
Shot Chart Detail,0022400155,443,201939,Stephen Curry,1610612744,Golden State Warriors,3,4,27,Made Shot,Driving Layup Shot,2PT Field Goal,Restricted Area,Center(C),Less Than 8 ft.,1,11,8,1,1,20241104,WAS,GSW
Shot Chart Detail,0022400155,480,201939,Stephen Curry,1610612744,Golden State Warriors,3,2,55,Made Shot,Pullup Jump shot,2PT Field Goal,Mid-Range,Left Side(L),8-16 ft.,13,-134,20,1,1,20241104,WAS,GSW
Shot Chart Detail,0022400155,485,201939,Stephen Curry,1610612744,Golden State Warriors,3,2,29,Made Shot,Pullup Jump shot,2PT Field Goal,Mid-Range,Left Side(L),8-16 ft.,12,-123,-15,1,1,20241104,WAS,GSW
Shot Chart Detail,0022400155,495,201939,Stephen Curry,1610612744,Golden State Warriors,3,1,41,Missed Shot,Cutting Layup Shot,2PT Field Goal,Restricted Area,Center(C),Less Than 8 ft.,1,12,-13,1,0,20241104,WAS,GSW
Shot Chart Detail,0022400155,503,201939,Stephen Curry,1610612744,Golden State Warriors,3,0,43,Made Shot,Step Back Jump shot,3PT Field Goal,Above the Break 3,Center(C),24+ ft.,25,40,256,1,1,20241104,WAS,GSW
Shot Chart Detail,0022400155,529,201939,Stephen Curry,1610612744,Golden State Warriors,3,0,4,Missed Shot,Pullup Jump shot,3PT Field Goal,Above the Break 3,Center(C),24+ ft.,34,17,340,1,0,20241104,WAS,GSW
Shot Chart Detail,0022400155,677,201939,Stephen Curry,1610612744,Golden State Warriors,4,2,56,Missed Shot,Pullup Jump shot,3PT Field Goal,Above the Break 3,Left Side Center(LC),24+ ft.,31,-174,266,1,0,20241104,WAS,GSW
Shot Chart Detail,0022400155,691,201939,Stephen Curry,1610612744,Golden State Warriors,4,1,47,Missed Shot,Driving Layup Shot,2PT Field Goal,Restricted Area,Center(C),Less Than 8 ft.,1,-17,1,1,0,20241104,WAS,GSW
Shot Chart Detail,0022400172,33,201939,Stephen Curry,1610612744,Golden State Warriors,1,9,15,Made Shot,Driving Layup Shot,2PT Field Goal,Restricted Area,Center(C),Less Than 8 ft.,0,-1,7,1,1,20241106,BOS,GSW
Shot Chart Detail,0022400172,54,201939,Stephen Curry,1610612744,Golden State Warriors,1,7,40,Missed Shot,Driving Layup Shot,2PT Field Goal,Restricted Area,Center(C),Less Than 8 ft.,2,-6,27,1,0,20241106,BOS,GSW
Shot Chart Detail,0022400172,264,201939,Stephen Curry,1610612744,Golden State Warriors,2,3,28,Made Shot,Fadeaway Jump Shot,3PT Field Goal,Above the Break 3,Right Side Center(RC),24+ ft.,27,120,247,1,1,20241106,BOS,GSW
Shot Chart Detail,0022400172,316,201939,Stephen Curry,1610612744,Golden State Warriors,3,11,48,Made Shot,Pullup Jump shot,3PT Field Goal,Above the Break 3,Right Side Center(RC),24+ ft.,28,130,256,1,1,20241106,BOS,GSW
Shot Chart Detail,0022400172,318,201939,Stephen Curry,1610612744,Golden State Warriors,3,11,12,Made Shot,Pullup Jump shot,2PT Field Goal,Mid-Range,Left Side(L),8-16 ft.,13,-129,24,1,1,20241106,BOS,GSW
Shot Chart Detail,0022400172,321,201939,Stephen Curry,1610612744,Golden State Warriors,3,10,50,Missed Shot,Driving Layup Shot,2PT Field Goal,Restricted Area,Center(C),Less Than 8 ft.,2,23,17,1,0,20241106,BOS,GSW
Shot Chart Detail,0022400172,361,201939,Stephen Curry,1610612744,Golden State Warriors,3,6,46,Missed Shot,Jump Shot,3PT Field Goal,Above the Break 3,Right Side Center(RC),24+ ft.,27,126,250,1,0,20241106,BOS,GSW
Shot Chart Detail,0022400172,411,201939,Stephen Curry,1610612744,Golden State Warriors,3,4,1,Made Shot,Step Back Jump shot,3PT Field Goal,Above the Break 3,Center(C),24+ ft.,26,-4,264,1,1,20241106,BOS,GSW
Shot Chart Detail,0022400172,422,201939,Stephen Curry,1610612744,Golden State Warriors,3,3,4,Missed Shot,Pullup Jump shot,3PT Field Goal,Above the Break 3,Left Side Center(LC),24+ ft.,26,-159,210,1,0,20241106,BOS,GSW
Shot Chart Detail,0022400172,530,201939,Stephen Curry,1610612744,Golden State Warriors,4,7,34,Missed Shot,Step Back Jump shot,3PT Field Goal,Above the Break 3,Right Side Center(RC),24+ ft.,27,127,247,1,0,20241106,BOS,GSW
Shot Chart Detail,0022400172,539,201939,Stephen Curry,1610612744,Golden State Warriors,4,6,39,Missed Shot,Driving Layup Shot,2PT Field Goal,In The Paint (Non-RA),Center(C),Less Than 8 ft.,4,39,24,1,0,20241106,BOS,GSW
Shot Chart Detail,0022400172,565,201939,Stephen Curry,1610612744,Golden State Warriors,4,4,56,Made Shot,Pullup Jump shot,3PT Field Goal,Above the Break 3,Left Side Center(LC),24+ ft.,26,-165,205,1,1,20241106,BOS,GSW
Shot Chart Detail,0022400172,568,201939,Stephen Curry,1610612744,Golden State Warriors,4,4,25,Missed Shot,Pullup Jump shot,3PT Field Goal,Above the Break 3,Left Side Center(LC),24+ ft.,26,-109,243,1,0,20241106,BOS,GSW
Shot Chart Detail,0022400172,577,201939,Stephen Curry,1610612744,Golden State Warriors,4,3,27,Made Shot,Cutting Layup Shot,2PT Field Goal,Restricted Area,Center(C),Less Than 8 ft.,1,-11,16,1,1,20241106,BOS,GSW
Shot Chart Detail,0022400172,585,201939,Stephen Curry,1610612744,Golden State Warriors,4,2,30,Made Shot,Driving Layup Shot,2PT Field Goal,Restricted Area,Center(C),Less Than 8 ft.,2,-7,19,1,1,20241106,BOS,GSW
Shot Chart Detail,0022400172,596,201939,Stephen Curry,1610612744,Golden State Warriors,4,1,22,Missed Shot,Pullup Jump shot,3PT Field Goal,Above the Break 3,Center(C),24+ ft.,25,58,248,1,0,20241106,BOS,GSW
Shot Chart Detail,0022400172,598,201939,Stephen Curry,1610612744,Golden State Warriors,4,1,15,Missed Shot,Driving Layup Shot,2PT Field Goal,Restricted Area,Center(C),Less Than 8 ft.,2,16,25,1,0,20241106,BOS,GSW
Shot Chart Detail,0022400188,44,201939,Stephen Curry,1610612744,Golden State Warriors,1,8,25,Missed Shot,Step Back Jump shot,3PT Field Goal,Left Corner 3,Left Side(L),24+ ft.,23,-230,54,1,0,20241108,CLE,GSW
Shot Chart Detail,0022400188,53,201939,Stephen Curry,1610612744,Golden State Warriors,1,7,41,Missed Shot,Driving Floating Bank Jump Shot,2PT Field Goal,In The Paint (Non-RA),Center(C),Less Than 8 ft.,6,49,44,1,0,20241108,CLE,GSW
Shot Chart Detail,0022400188,103,201939,Stephen Curry,1610612744,Golden State Warriors,1,4,13,Made Shot,Step Back Jump shot,2PT Field Goal,Mid-Range,Left Side Center(LC),16-24 ft.,21,-157,146,1,1,20241108,CLE,GSW
Shot Chart Detail,0022400188,245,201939,Stephen Curry,1610612744,Golden State Warriors,2,6,2,Made Shot,Jump Shot,3PT Field Goal,Above the Break 3,Right Side Center(RC),24+ ft.,25,219,134,1,1,20241108,CLE,GSW
Shot Chart Detail,0022400188,258,201939,Stephen Curry,1610612744,Golden State Warriors,2,5,17,Missed Shot,Step Back Jump shot,3PT Field Goal,Above the Break 3,Left Side Center(LC),24+ ft.,26,-165,211,1,0,20241108,CLE,GSW
Shot Chart Detail,0022400188,286,201939,Stephen Curry,1610612744,Golden State Warriors,2,3,55,Made Shot,Driving Layup Shot,2PT Field Goal,Restricted Area,Center(C),Less Than 8 ft.,1,10,12,1,1,20241108,CLE,GSW
Shot Chart Detail,0022400188,384,201939,Stephen Curry,1610612744,Golden State Warriors,3,9,42,Missed Shot,Cutting Layup Shot,2PT Field Goal,Restricted Area,Center(C),Less Than 8 ft.,0,0,8,1,0,20241108,CLE,GSW
Shot Chart Detail,0022400188,428,201939,Stephen Curry,1610612744,Golden State Warriors,3,5,42,Made Shot,Driving Finger Roll Layup Shot,2PT Field Goal,Restricted Area,Center(C),Less Than 8 ft.,3,-9,32,1,1,20241108,CLE,GSW
Shot Chart Detail,0022400188,444,201939,Stephen Curry,1610612744,Golden State Warriors,3,5,14,Missed Shot,Jump Shot,3PT Field Goal,Left Corner 3,Left Side(L),24+ ft.,23,-234,-12,1,0,20241108,CLE,GSW
Shot Chart Detail,0022400188,451,201939,Stephen Curry,1610612744,Golden State Warriors,3,4,14,Made Shot,Cutting Layup Shot,2PT Field Goal,Restricted Area,Center(C),Less Than 8 ft.,1,-1,11,1,1,20241108,CLE,GSW
Shot Chart Detail,0022400207,21,201939,Stephen Curry,1610612744,Golden State Warriors,1,10,13,Missed Shot,Jump Shot,3PT Field Goal,Above the Break 3,Right Side Center(RC),24+ ft.,24,135,209,1,0,20241110,OKC,GSW
Shot Chart Detail,0022400207,40,201939,Stephen Curry,1610612744,Golden State Warriors,1,8,58,Missed Shot,Jump Shot,3PT Field Goal,Above the Break 3,Right Side Center(RC),24+ ft.,24,205,132,1,0,20241110,OKC,GSW
Shot Chart Detail,0022400207,83,201939,Stephen Curry,1610612744,Golden State Warriors,1,5,38,Made Shot,Driving Finger Roll Layup Shot,2PT Field Goal,In The Paint (Non-RA),Center(C),Less Than 8 ft.,5,54,13,1,1,20241110,OKC,GSW
Shot Chart Detail,0022400207,89,201939,Stephen Curry,1610612744,Golden State Warriors,1,5,6,Missed Shot,Driving Layup Shot,2PT Field Goal,In The Paint (Non-RA),Center(C),Less Than 8 ft.,4,34,24,1,0,20241110,OKC,GSW
Shot Chart Detail,0022400207,114,201939,Stephen Curry,1610612744,Golden State Warriors,1,3,20,Made Shot,Step Back Jump shot,3PT Field Goal,Above the Break 3,Left Side Center(LC),24+ ft.,25,-174,189,1,1,20241110,OKC,GSW
Shot Chart Detail,0022400207,225,201939,Stephen Curry,1610612744,Golden State Warriors,2,7,28,Missed Shot,Cutting Layup Shot,2PT Field Goal,Restricted Area,Center(C),Less Than 8 ft.,3,33,6,1,0,20241110,OKC,GSW
Shot Chart Detail,0022400207,241,201939,Stephen Curry,1610612744,Golden State Warriors,2,6,32,Missed Shot,Running Reverse Layup Shot,2PT Field Goal,Restricted Area,Center(C),Less Than 8 ft.,3,-31,6,1,0,20241110,OKC,GSW
Shot Chart Detail,0022400207,244,201939,Stephen Curry,1610612744,Golden State Warriors,2,6,16,Made Shot,Jump Shot,3PT Field Goal,Above the Break 3,Right Side Center(RC),24+ ft.,27,223,156,1,1,20241110,OKC,GSW
Shot Chart Detail,0022400207,310,201939,Stephen Curry,1610612744,Golden State Warriors,2,1,9,Made Shot,Jump Shot,3PT Field Goal,Above the Break 3,Left Side Center(LC),24+ ft.,26,-210,158,1,1,20241110,OKC,GSW
Shot Chart Detail,0022400207,347,201939,Stephen Curry,1610612744,Golden State Warriors,3,11,44,Made Shot,Cutting Layup Shot,2PT Field Goal,Restricted Area,Center(C),Less Than 8 ft.,3,9,29,1,1,20241110,OKC,GSW
Shot Chart Detail,0022400207,368,201939,Stephen Curry,1610612744,Golden State Warriors,3,10,31,Made Shot,Running Reverse Layup Shot,2PT Field Goal,Restricted Area,Center(C),Less Than 8 ft.,1,12,7,1,1,20241110,OKC,GSW
Shot Chart Detail,0022400207,386,201939,Stephen Curry,1610612744,Golden State Warriors,3,9,2,Missed Shot,Driving Layup Shot,2PT Field Goal,In The Paint (Non-RA),Center(C),Less Than 8 ft.,4,42,8,1,0,20241110,OKC,GSW
Shot Chart Detail,0022400207,390,201939,Stephen Curry,1610612744,Golden State Warriors,3,8,58,Made Shot,Jump Shot,3PT Field Goal,Right Corner 3,Right Side(R),24+ ft.,22,227,11,1,1,20241110,OKC,GSW
Shot Chart Detail,0022400207,409,201939,Stephen Curry,1610612744,Golden State Warriors,3,7,45,Made Shot,Cutting Layup Shot,2PT Field Goal,Restricted Area,Center(C),Less Than 8 ft.,1,9,12,1,1,20241110,OKC,GSW
Shot Chart Detail,0022400207,413,201939,Stephen Curry,1610612744,Golden State Warriors,3,7,8,Made Shot,Driving Floating Jump Shot,2PT Field Goal,In The Paint (Non-RA),Right Side(R),8-16 ft.,10,65,86,1,1,20241110,OKC,GSW
Shot Chart Detail,0022400207,426,201939,Stephen Curry,1610612744,Golden State Warriors,3,6,38,Missed Shot,Pullup Jump shot,3PT Field Goal,Above the Break 3,Right Side Center(RC),24+ ft.,26,145,221,1,0,20241110,OKC,GSW
Shot Chart Detail,0022400207,442,201939,Stephen Curry,1610612744,Golden State Warriors,3,5,40,Made Shot,Step Back Jump shot,2PT Field Goal,Mid-Range,Left Side(L),8-16 ft.,15,-157,-19,1,1,20241110,OKC,GSW
Shot Chart Detail,0022400207,460,201939,Stephen Curry,1610612744,Golden State Warriors,3,4,28,Made Shot,Pullup Jump shot,3PT Field Goal,Above the Break 3,Right Side Center(RC),24+ ft.,27,165,220,1,1,20241110,OKC,GSW
Shot Chart Detail,0022400207,493,201939,Stephen Curry,1610612744,Golden State Warriors,3,1,20,Missed Shot,Step Back Jump shot,3PT Field Goal,Above the Break 3,Right Side Center(RC),24+ ft.,27,131,243,1,0,20241110,OKC,GSW
Shot Chart Detail,0022400207,650,201939,Stephen Curry,1610612744,Golden State Warriors,4,3,23,Made Shot,Jump Shot,3PT Field Goal,Above the Break 3,Left Side Center(LC),24+ ft.,26,-119,232,1,1,20241110,OKC,GSW
Shot Chart Detail,0022400207,659,201939,Stephen Curry,1610612744,Golden State Warriors,4,2,56,Missed Shot,Pullup Jump shot,3PT Field Goal,Above the Break 3,Right Side Center(RC),24+ ft.,27,112,246,1,0,20241110,OKC,GSW
Shot Chart Detail,0022400207,676,201939,Stephen Curry,1610612744,Golden State Warriors,4,1,43,Missed Shot,Step Back Jump shot,3PT Field Goal,Above the Break 3,Left Side Center(LC),24+ ft.,25,-234,105,1,0,20241110,OKC,GSW
Shot Chart Detail,0022400207,680,201939,Stephen Curry,1610612744,Golden State Warriors,4,1,13,Made Shot,Step Back Jump shot,3PT Field Goal,Above the Break 3,Left Side Center(LC),24+ ft.,25,-225,111,1,1,20241110,OKC,GSW
Shot Chart Detail,0022400251,26,201939,Stephen Curry,1610612744,Golden State Warriors,1,9,34,Made Shot,Jump Shot,3PT Field Goal,Above the Break 3,Left Side Center(LC),24+ ft.,27,-175,210,1,1,20241118,LAC,GSW
Shot Chart Detail,0022400251,66,201939,Stephen Curry,1610612744,Golden State Warriors,1,6,6,Missed Shot,Step Back Jump shot,3PT Field Goal,Above the Break 3,Left Side Center(LC),24+ ft.,24,-145,197,1,0,20241118,LAC,GSW
Shot Chart Detail,0022400251,91,201939,Stephen Curry,1610612744,Golden State Warriors,1,4,24,Missed Shot,Jump Shot,3PT Field Goal,Above the Break 3,Left Side Center(LC),24+ ft.,25,-205,150,1,0,20241118,LAC,GSW
Shot Chart Detail,0022400251,101,201939,Stephen Curry,1610612744,Golden State Warriors,1,3,31,Missed Shot,Pullup Jump shot,3PT Field Goal,Above the Break 3,Center(C),24+ ft.,29,36,293,1,0,20241118,LAC,GSW
Shot Chart Detail,0022400251,255,201939,Stephen Curry,1610612744,Golden State Warriors,2,5,45,Missed Shot,Jump Shot,3PT Field Goal,Above the Break 3,Right Side Center(RC),24+ ft.,26,82,250,1,0,20241118,LAC,GSW
Shot Chart Detail,0022400251,263,201939,Stephen Curry,1610612744,Golden State Warriors,2,4,47,Made Shot,Floating Jump shot,2PT Field Goal,Mid-Range,Right Side Center(RC),16-24 ft.,17,67,157,1,1,20241118,LAC,GSW
Shot Chart Detail,0022400251,305,201939,Stephen Curry,1610612744,Golden State Warriors,2,1,44,Missed Shot,Pullup Jump shot,3PT Field Goal,Above the Break 3,Left Side Center(LC),24+ ft.,25,-132,220,1,0,20241118,LAC,GSW
Shot Chart Detail,0022400251,321,201939,Stephen Curry,1610612744,Golden State Warriors,2,0,33,Made Shot,Pullup Jump shot,3PT Field Goal,Above the Break 3,Center(C),24+ ft.,26,-11,261,1,1,20241118,LAC,GSW
Shot Chart Detail,0022400251,341,201939,Stephen Curry,1610612744,Golden State Warriors,3,11,49,Made Shot,Step Back Jump shot,3PT Field Goal,Above the Break 3,Left Side Center(LC),24+ ft.,25,-114,233,1,1,20241118,LAC,GSW
Shot Chart Detail,0022400251,348,201939,Stephen Curry,1610612744,Golden State Warriors,3,11,8,Missed Shot,Driving Floating Jump Shot,2PT Field Goal,In The Paint (Non-RA),Center(C),8-16 ft.,8,0,88,1,0,20241118,LAC,GSW
Shot Chart Detail,0022400251,375,201939,Stephen Curry,1610612744,Golden State Warriors,3,8,33,Made Shot,Step Back Jump shot,3PT Field Goal,Above the Break 3,Right Side Center(RC),24+ ft.,26,137,223,1,1,20241118,LAC,GSW
Shot Chart Detail,0022400251,382,201939,Stephen Curry,1610612744,Golden State Warriors,3,7,47,Made Shot,Pullup Jump shot,3PT Field Goal,Right Corner 3,Right Side(R),24+ ft.,22,228,18,1,1,20241118,LAC,GSW
Shot Chart Detail,0022400251,392,201939,Stephen Curry,1610612744,Golden State Warriors,3,6,49,Missed Shot,Step Back Jump shot,3PT Field Goal,Above the Break 3,Left Side Center(LC),24+ ft.,25,-112,230,1,0,20241118,LAC,GSW
Shot Chart Detail,0022400251,424,201939,Stephen Curry,1610612744,Golden State Warriors,3,4,30,Missed Shot,Pullup Jump shot,3PT Field Goal,Above the Break 3,Left Side Center(LC),24+ ft.,31,-211,238,1,0,20241118,LAC,GSW
Shot Chart Detail,0022400251,551,201939,Stephen Curry,1610612744,Golden State Warriors,4,7,42,Made Shot,Cutting Layup Shot,2PT Field Goal,Restricted Area,Center(C),Less Than 8 ft.,2,-18,22,1,1,20241118,LAC,GSW
Shot Chart Detail,0022400251,578,201939,Stephen Curry,1610612744,Golden State Warriors,4,5,43,Made Shot,Pullup Jump shot,3PT Field Goal,Above the Break 3,Center(C),24+ ft.,30,61,300,1,1,20241118,LAC,GSW
Shot Chart Detail,0022400251,583,201939,Stephen Curry,1610612744,Golden State Warriors,4,5,17,Made Shot,Driving Layup Shot,2PT Field Goal,Restricted Area,Center(C),Less Than 8 ft.,2,-21,18,1,1,20241118,LAC,GSW
Shot Chart Detail,0022400251,586,201939,Stephen Curry,1610612744,Golden State Warriors,4,4,44,Missed Shot,Jump Shot,3PT Field Goal,Above the Break 3,Center(C),24+ ft.,26,76,254,1,0,20241118,LAC,GSW
Shot Chart Detail,0022400251,625,201939,Stephen Curry,1610612744,Golden State Warriors,4,1,37,Made Shot,Driving Layup Shot,2PT Field Goal,Restricted Area,Center(C),Less Than 8 ft.,2,-16,12,1,1,20241118,LAC,GSW
Shot Chart Detail,0022400251,627,201939,Stephen Curry,1610612744,Golden State Warriors,4,1,9,Missed Shot,Driving Layup Shot,2PT Field Goal,Restricted Area,Center(C),Less Than 8 ft.,2,16,18,1,0,20241118,LAC,GSW
Shot Chart Detail,0022400251,641,201939,Stephen Curry,1610612744,Golden State Warriors,4,0,12,Missed Shot,Jump Shot,3PT Field Goal,Above the Break 3,Right Side Center(RC),24+ ft.,25,201,158,1,0,20241118,LAC,GSW
Shot Chart Detail,0022400258,57,201939,Stephen Curry,1610612744,Golden State Warriors,1,7,19,Missed Shot,Step Back Jump shot,2PT Field Goal,Mid-Range,Left Side(L),8-16 ft.,12,-105,64,1,0,20241120,GSW,ATL
Shot Chart Detail,0022400258,82,201939,Stephen Curry,1610612744,Golden State Warriors,1,6,2,Made Shot,Pullup Jump shot,3PT Field Goal,Above the Break 3,Left Side Center(LC),24+ ft.,25,-201,151,1,1,20241120,GSW,ATL
Shot Chart Detail,0022400258,95,201939,Stephen Curry,1610612744,Golden State Warriors,1,5,9,Made Shot,Fadeaway Jump Shot,2PT Field Goal,In The Paint (Non-RA),Left Side(L),8-16 ft.,8,-48,68,1,1,20241120,GSW,ATL
Shot Chart Detail,0022400258,270,201939,Stephen Curry,1610612744,Golden State Warriors,2,6,22,Made Shot,Jump Shot,3PT Field Goal,Above the Break 3,Center(C),24+ ft.,25,-70,249,1,1,20241120,GSW,ATL
Shot Chart Detail,0022400258,322,201939,Stephen Curry,1610612744,Golden State Warriors,2,3,24,Made Shot,Cutting Layup Shot,2PT Field Goal,Restricted Area,Center(C),Less Than 8 ft.,1,4,15,1,1,20241120,GSW,ATL
Shot Chart Detail,0022400258,354,201939,Stephen Curry,1610612744,Golden State Warriors,2,1,2,Missed Shot,Running Jump Shot,3PT Field Goal,Above the Break 3,Left Side Center(LC),24+ ft.,29,-223,199,1,0,20241120,GSW,ATL
Shot Chart Detail,0022400258,637,201939,Stephen Curry,1610612744,Golden State Warriors,4,8,22,Missed Shot,Pullup Jump shot,3PT Field Goal,Above the Break 3,Right Side Center(RC),24+ ft.,25,205,150,1,0,20241120,GSW,ATL
Shot Chart Detail,0022400258,680,201939,Stephen Curry,1610612744,Golden State Warriors,4,5,49,Made Shot,Fadeaway Bank shot,2PT Field Goal,In The Paint (Non-RA),Left Side(L),8-16 ft.,9,-55,78,1,1,20241120,GSW,ATL
Shot Chart Detail,0022400258,708,201939,Stephen Curry,1610612744,Golden State Warriors,4,4,11,Made Shot,Pullup Jump shot,3PT Field Goal,Above the Break 3,Right Side Center(RC),24+ ft.,26,98,242,1,1,20241120,GSW,ATL
Shot Chart Detail,0022400258,719,201939,Stephen Curry,1610612744,Golden State Warriors,4,2,47,Made Shot,Step Back Jump shot,3PT Field Goal,Above the Break 3,Right Side Center(RC),24+ ft.,27,142,240,1,1,20241120,GSW,ATL
Shot Chart Detail,0022400269,47,201939,Stephen Curry,1610612744,Golden State Warriors,1,7,17,Made Shot,Finger Roll Layup Shot,2PT Field Goal,Restricted Area,Center(C),Less Than 8 ft.,1,4,12,1,1,20241123,SAS,GSW
Shot Chart Detail,0022400269,69,201939,Stephen Curry,1610612744,Golden State Warriors,1,6,18,Missed Shot,Pullup Jump shot,2PT Field Goal,Mid-Range,Left Side(L),16-24 ft.,20,-191,83,1,0,20241123,SAS,GSW
Shot Chart Detail,0022400269,71,201939,Stephen Curry,1610612744,Golden State Warriors,1,6,12,Made Shot,Jump Shot,3PT Field Goal,Above the Break 3,Left Side Center(LC),24+ ft.,25,-199,153,1,1,20241123,SAS,GSW
Shot Chart Detail,0022400269,110,201939,Stephen Curry,1610612744,Golden State Warriors,1,4,1,Missed Shot,Driving Finger Roll Layup Shot,2PT Field Goal,Restricted Area,Center(C),Less Than 8 ft.,0,-2,6,1,0,20241123,SAS,GSW
Shot Chart Detail,0022400269,232,201939,Stephen Curry,1610612744,Golden State Warriors,2,6,22,Missed Shot,Jump Shot,3PT Field Goal,Above the Break 3,Left Side Center(LC),24+ ft.,27,-183,200,1,0,20241123,SAS,GSW
Shot Chart Detail,0022400269,235,201939,Stephen Curry,1610612744,Golden State Warriors,2,6,12,Missed Shot,Pullup Jump shot,2PT Field Goal,Mid-Range,Right Side(R),16-24 ft.,18,180,22,1,0,20241123,SAS,GSW
Shot Chart Detail,0022400269,332,201939,Stephen Curry,1610612744,Golden State Warriors,2,2,45,Missed Shot,Jump Shot,3PT Field Goal,Left Corner 3,Left Side(L),24+ ft.,23,-238,-27,1,0,20241123,SAS,GSW
Shot Chart Detail,0022400269,302,201939,Stephen Curry,1610612744,Golden State Warriors,2,2,6,Missed Shot,Step Back Jump shot,3PT Field Goal,Above the Break 3,Right Side Center(RC),24+ ft.,24,227,95,1,0,20241123,SAS,GSW
Shot Chart Detail,0022400269,385,201939,Stephen Curry,1610612744,Golden State Warriors,3,7,40,Missed Shot,Jump Shot,3PT Field Goal,Above the Break 3,Right Side Center(RC),24+ ft.,26,102,245,1,0,20241123,SAS,GSW
Shot Chart Detail,0022400269,432,201939,Stephen Curry,1610612744,Golden State Warriors,3,3,50,Made Shot,Driving Reverse Layup Shot,2PT Field Goal,Restricted Area,Center(C),Less Than 8 ft.,1,-9,8,1,1,20241123,SAS,GSW
Shot Chart Detail,0022400269,577,201939,Stephen Curry,1610612744,Golden State Warriors,4,6,38,Made Shot,Pullup Jump shot,3PT Field Goal,Above the Break 3,Center(C),24+ ft.,29,40,294,1,1,20241123,SAS,GSW
Shot Chart Detail,0022400269,588,201939,Stephen Curry,1610612744,Golden State Warriors,4,6,4,Missed Shot,Driving Finger Roll Layup Shot,2PT Field Goal,Restricted Area,Center(C),Less Than 8 ft.,0,1,3,1,0,20241123,SAS,GSW
Shot Chart Detail,0022400269,596,201939,Stephen Curry,1610612744,Golden State Warriors,4,5,32,Missed Shot,Step Back Jump shot,3PT Field Goal,Above the Break 3,Right Side Center(RC),24+ ft.,25,158,203,1,0,20241123,SAS,GSW
Shot Chart Detail,0022400269,644,201939,Stephen Curry,1610612744,Golden State Warriors,4,2,15,Missed Shot,Pullup Jump shot,3PT Field Goal,Above the Break 3,Right Side Center(RC),24+ ft.,27,202,192,1,0,20241123,SAS,GSW
Shot Chart Detail,0022400269,666,201939,Stephen Curry,1610612744,Golden State Warriors,4,1,19,Made Shot,Jump Shot,3PT Field Goal,Above the Break 3,Left Side Center(LC),24+ ft.,30,-127,274,1,1,20241123,SAS,GSW
Shot Chart Detail,0022400269,688,201939,Stephen Curry,1610612744,Golden State Warriors,4,0,30,Missed Shot,Pullup Jump shot,3PT Field Goal,Above the Break 3,Right Side Center(RC),24+ ft.,34,124,319,1,0,20241123,SAS,GSW
Shot Chart Detail,0022400284,52,201939,Stephen Curry,1610612744,Golden State Warriors,1,7,49,Made Shot,Running Pull-Up Jump Shot,3PT Field Goal,Above the Break 3,Left Side Center(LC),24+ ft.,27,-167,216,1,1,20241125,GSW,BKN
Shot Chart Detail,0022400284,79,201939,Stephen Curry,1610612744,Golden State Warriors,1,5,30,Made Shot,Jump Shot,3PT Field Goal,Above the Break 3,Left Side Center(LC),24+ ft.,27,-167,221,1,1,20241125,GSW,BKN
Shot Chart Detail,0022400284,98,201939,Stephen Curry,1610612744,Golden State Warriors,1,4,24,Made Shot,Step Back Jump shot,3PT Field Goal,Above the Break 3,Right Side Center(RC),24+ ft.,27,168,214,1,1,20241125,GSW,BKN
Shot Chart Detail,0022400284,102,201939,Stephen Curry,1610612744,Golden State Warriors,1,3,58,Missed Shot,Running Jump Shot,3PT Field Goal,Above the Break 3,Left Side Center(LC),24+ ft.,31,-212,232,1,0,20241125,GSW,BKN
Shot Chart Detail,0022400284,283,201939,Stephen Curry,1610612744,Golden State Warriors,2,3,37,Missed Shot,Jump Shot,3PT Field Goal,Left Corner 3,Left Side(L),24+ ft.,23,-234,21,1,0,20241125,GSW,BKN
Shot Chart Detail,0022400284,341,201939,Stephen Curry,1610612744,Golden State Warriors,2,0,15,Missed Shot,Jump Shot,3PT Field Goal,Left Corner 3,Left Side(L),24+ ft.,24,-229,86,1,0,20241125,GSW,BKN
Shot Chart Detail,0022400284,382,201939,Stephen Curry,1610612744,Golden State Warriors,3,10,3,Missed Shot,Jump Shot,3PT Field Goal,Above the Break 3,Left Side Center(LC),24+ ft.,26,-129,232,1,0,20241125,GSW,BKN
Shot Chart Detail,0022400284,395,201939,Stephen Curry,1610612744,Golden State Warriors,3,8,26,Made Shot,Pullup Jump shot,3PT Field Goal,Above the Break 3,Right Side Center(RC),24+ ft.,32,141,297,1,1,20241125,GSW,BKN
Shot Chart Detail,0022400284,403,201939,Stephen Curry,1610612744,Golden State Warriors,3,7,34,Made Shot,Running Pull-Up Jump Shot,3PT Field Goal,Above the Break 3,Left Side Center(LC),24+ ft.,32,-109,303,1,1,20241125,GSW,BKN
Shot Chart Detail,0022400284,438,201939,Stephen Curry,1610612744,Golden State Warriors,3,5,8,Missed Shot,Running Pull-Up Jump Shot,3PT Field Goal,Above the Break 3,Right Side Center(RC),24+ ft.,29,110,271,1,0,20241125,GSW,BKN
Shot Chart Detail,0022400284,612,201939,Stephen Curry,1610612744,Golden State Warriors,4,6,3,Made Shot,Jump Shot,3PT Field Goal,Above the Break 3,Right Side Center(RC),24+ ft.,27,163,223,1,1,20241125,GSW,BKN
Shot Chart Detail,0022400284,631,201939,Stephen Curry,1610612744,Golden State Warriors,4,4,58,Missed Shot,Step Back Jump shot,3PT Field Goal,Above the Break 3,Right Side Center(RC),24+ ft.,28,118,262,1,0,20241125,GSW,BKN
Shot Chart Detail,0022400284,651,201939,Stephen Curry,1610612744,Golden State Warriors,4,3,26,Made Shot,Step Back Jump shot,3PT Field Goal,Above the Break 3,Left Side Center(LC),24+ ft.,25,-152,204,1,1,20241125,GSW,BKN
Shot Chart Detail,0022400284,676,201939,Stephen Curry,1610612744,Golden State Warriors,4,2,47,Missed Shot,Jump Shot,3PT Field Goal,Right Corner 3,Right Side(R),24+ ft.,23,233,40,1,0,20241125,GSW,BKN
Shot Chart Detail,0022400284,697,201939,Stephen Curry,1610612744,Golden State Warriors,4,0,58,Missed Shot,Floating Jump shot,2PT Field Goal,Mid-Range,Center(C),16-24 ft.,23,22,234,1,0,20241125,GSW,BKN
Shot Chart Detail,0022400284,707,201939,Stephen Curry,1610612744,Golden State Warriors,4,0,40,Made Shot,Jump Shot,3PT Field Goal,Left Corner 3,Left Side(L),24+ ft.,22,-225,24,1,1,20241125,GSW,BKN
Shot Chart Detail,0022400284,713,201939,Stephen Curry,1610612744,Golden State Warriors,4,0,24,Missed Shot,Driving Floating Jump Shot,3PT Field Goal,Above the Break 3,Center(C),24+ ft.,27,55,265,1,0,20241125,GSW,BKN
Shot Chart Detail,0022400303,14,201939,Stephen Curry,1610612744,Golden State Warriors,1,11,19,Missed Shot,Jump Shot,3PT Field Goal,Above the Break 3,Center(C),24+ ft.,30,-83,293,1,0,20241130,PHX,GSW
Shot Chart Detail,0022400303,76,201939,Stephen Curry,1610612744,Golden State Warriors,1,5,34,Missed Shot,Driving Floating Bank Jump Shot,2PT Field Goal,In The Paint (Non-RA),Center(C),8-16 ft.,12,48,113,1,0,20241130,PHX,GSW
Shot Chart Detail,0022400303,249,201939,Stephen Curry,1610612744,Golden State Warriors,2,6,44,Missed Shot,Pullup Jump shot,3PT Field Goal,Above the Break 3,Center(C),24+ ft.,26,15,269,1,0,20241130,PHX,GSW
Shot Chart Detail,0022400303,295,201939,Stephen Curry,1610612744,Golden State Warriors,2,2,52,Missed Shot,Step Back Jump shot,3PT Field Goal,Above the Break 3,Center(C),24+ ft.,28,23,289,1,0,20241130,PHX,GSW
Shot Chart Detail,0022400303,326,201939,Stephen Curry,1610612744,Golden State Warriors,2,0,37,Missed Shot,Pullup Jump shot,2PT Field Goal,Mid-Range,Center(C),8-16 ft.,14,53,139,1,0,20241130,PHX,GSW
Shot Chart Detail,0022400303,343,201939,Stephen Curry,1610612744,Golden State Warriors,3,11,37,Made Shot,Jump Shot,3PT Field Goal,Above the Break 3,Right Side Center(RC),24+ ft.,25,125,221,1,1,20241130,PHX,GSW
Shot Chart Detail,0022400303,366,201939,Stephen Curry,1610612744,Golden State Warriors,3,9,5,Missed Shot,Floating Jump shot,2PT Field Goal,Mid-Range,Center(C),16-24 ft.,19,-16,199,1,0,20241130,PHX,GSW
Shot Chart Detail,0022400303,376,201939,Stephen Curry,1610612744,Golden State Warriors,3,8,25,Missed Shot,Pullup Jump shot,2PT Field Goal,Mid-Range,Right Side Center(RC),16-24 ft.,16,93,137,1,0,20241130,PHX,GSW
Shot Chart Detail,0022400303,382,201939,Stephen Curry,1610612744,Golden State Warriors,3,8,0,Made Shot,Jump Shot,3PT Field Goal,Above the Break 3,Right Side Center(RC),24+ ft.,26,180,200,1,1,20241130,PHX,GSW
Shot Chart Detail,0022400303,387,201939,Stephen Curry,1610612744,Golden State Warriors,3,7,38,Made Shot,Pullup Jump shot,3PT Field Goal,Above the Break 3,Left Side Center(LC),24+ ft.,25,-180,176,1,1,20241130,PHX,GSW
Shot Chart Detail,0022400303,395,201939,Stephen Curry,1610612744,Golden State Warriors,3,6,44,Missed Shot,Driving Floating Bank Jump Shot,2PT Field Goal,In The Paint (Non-RA),Center(C),Less Than 8 ft.,7,-70,16,1,0,20241130,PHX,GSW
Shot Chart Detail,0022400303,419,201939,Stephen Curry,1610612744,Golden State Warriors,3,5,1,Missed Shot,Driving Floating Bank Jump Shot,2PT Field Goal,Mid-Range,Right Side(R),8-16 ft.,10,81,59,1,0,20241130,PHX,GSW
Shot Chart Detail,0022400303,439,201939,Stephen Curry,1610612744,Golden State Warriors,3,3,46,Made Shot,Jump Shot,2PT Field Goal,Mid-Range,Left Side Center(LC),16-24 ft.,17,-87,150,1,1,20241130,PHX,GSW
Shot Chart Detail,0022400303,445,201939,Stephen Curry,1610612744,Golden State Warriors,3,2,47,Made Shot,Layup Shot,2PT Field Goal,Restricted Area,Center(C),Less Than 8 ft.,0,0,3,1,1,20241130,PHX,GSW
Shot Chart Detail,0022400303,584,201939,Stephen Curry,1610612744,Golden State Warriors,4,5,35,Missed Shot,Jump Shot,3PT Field Goal,Right Corner 3,Right Side(R),24+ ft.,23,237,32,1,0,20241130,PHX,GSW
Shot Chart Detail,0022400303,594,201939,Stephen Curry,1610612744,Golden State Warriors,4,4,51,Missed Shot,Jump Shot,3PT Field Goal,Above the Break 3,Center(C),24+ ft.,26,-50,262,1,0,20241130,PHX,GSW
Shot Chart Detail,0022400303,597,201939,Stephen Curry,1610612744,Golden State Warriors,4,4,42,Made Shot,Cutting Layup Shot,2PT Field Goal,Restricted Area,Center(C),Less Than 8 ft.,1,0,11,1,1,20241130,PHX,GSW
Shot Chart Detail,0022400303,614,201939,Stephen Curry,1610612744,Golden State Warriors,4,2,45,Made Shot,Driving Floating Bank Jump Shot,2PT Field Goal,In The Paint (Non-RA),Center(C),Less Than 8 ft.,4,37,16,1,1,20241130,PHX,GSW
Shot Chart Detail,0022400303,630,201939,Stephen Curry,1610612744,Golden State Warriors,4,1,11,Made Shot,Driving Finger Roll Layup Shot,2PT Field Goal,Restricted Area,Center(C),Less Than 8 ft.,2,21,19,1,1,20241130,PHX,GSW
Shot Chart Detail,0022400303,637,201939,Stephen Curry,1610612744,Golden State Warriors,4,0,59,Missed Shot,Step Back Jump shot,3PT Field Goal,Above the Break 3,Left Side Center(LC),24+ ft.,24,-157,185,1,0,20241130,PHX,GSW
Shot Chart Detail,0022400303,653,201939,Stephen Curry,1610612744,Golden State Warriors,4,0,26,Missed Shot,Jump Shot,3PT Field Goal,Above the Break 3,Right Side Center(RC),24+ ft.,40,185,360,1,0,20241130,PHX,GSW
Shot Chart Detail,0022400338,145,201939,Stephen Curry,1610612744,Golden State Warriors,1,0,32,Made Shot,Driving Floating Bank Jump Shot,2PT Field Goal,Mid-Range,Right Side(R),16-24 ft.,19,162,101,1,1,20241206,GSW,MIN
Shot Chart Detail,0022400338,159,201939,Stephen Curry,1610612744,Golden State Warriors,1,0,5,Missed Shot,Step Back Jump shot,3PT Field Goal,Above the Break 3,Center(C),24+ ft.,26,-42,264,1,0,20241206,GSW,MIN
Shot Chart Detail,0022400338,179,201939,Stephen Curry,1610612744,Golden State Warriors,2,10,39,Missed Shot,Floating Jump shot,2PT Field Goal,In The Paint (Non-RA),Center(C),8-16 ft.,11,-9,113,1,0,20241206,GSW,MIN
Shot Chart Detail,0022400338,184,201939,Stephen Curry,1610612744,Golden State Warriors,2,10,20,Missed Shot,Pullup Jump shot,3PT Field Goal,Above the Break 3,Right Side Center(RC),24+ ft.,27,199,194,1,0,20241206,GSW,MIN
Shot Chart Detail,0022400338,204,201939,Stephen Curry,1610612744,Golden State Warriors,2,8,59,Missed Shot,Jump Shot,3PT Field Goal,Above the Break 3,Center(C),24+ ft.,25,-75,246,1,0,20241206,GSW,MIN
Shot Chart Detail,0022400338,277,201939,Stephen Curry,1610612744,Golden State Warriors,2,3,45,Missed Shot,Driving Layup Shot,2PT Field Goal,Restricted Area,Center(C),Less Than 8 ft.,3,34,15,1,0,20241206,GSW,MIN
Shot Chart Detail,0022400338,296,201939,Stephen Curry,1610612744,Golden State Warriors,2,2,18,Made Shot,Driving Finger Roll Layup Shot,2PT Field Goal,Restricted Area,Center(C),Less Than 8 ft.,2,22,8,1,1,20241206,GSW,MIN
Shot Chart Detail,0022400338,361,201939,Stephen Curry,1610612744,Golden State Warriors,3,11,41,Missed Shot,Jump Shot,3PT Field Goal,Above the Break 3,Left Side Center(LC),24+ ft.,29,-131,267,1,0,20241206,GSW,MIN
Shot Chart Detail,0022400338,365,201939,Stephen Curry,1610612744,Golden State Warriors,3,11,18,Made Shot,Jump Shot,3PT Field Goal,Above the Break 3,Left Side Center(LC),24+ ft.,27,-164,226,1,1,20241206,GSW,MIN
Shot Chart Detail,0022400338,506,201939,Stephen Curry,1610612744,Golden State Warriors,3,0,14,Missed Shot,Driving Layup Shot,2PT Field Goal,In The Paint (Non-RA),Center(C),Less Than 8 ft.,5,-48,27,1,0,20241206,GSW,MIN
Shot Chart Detail,0022400338,529,201939,Stephen Curry,1610612744,Golden State Warriors,3,0,2,Made Shot,Step Back Jump shot,3PT Field Goal,Above the Break 3,Center(C),24+ ft.,26,32,259,1,1,20241206,GSW,MIN
Shot Chart Detail,0022400338,547,201939,Stephen Curry,1610612744,Golden State Warriors,4,11,23,Missed Shot,Jump Shot,3PT Field Goal,Above the Break 3,Right Side Center(RC),24+ ft.,28,201,199,1,0,20241206,GSW,MIN
Shot Chart Detail,0022400338,552,201939,Stephen Curry,1610612744,Golden State Warriors,4,10,38,Made Shot,Jump Shot,3PT Field Goal,Above the Break 3,Right Side Center(RC),24+ ft.,26,203,168,1,1,20241206,GSW,MIN
Shot Chart Detail,0022400338,578,201939,Stephen Curry,1610612744,Golden State Warriors,4,8,37,Missed Shot,Driving Layup Shot,2PT Field Goal,Restricted Area,Center(C),Less Than 8 ft.,3,26,25,1,0,20241206,GSW,MIN
Shot Chart Detail,0022400338,626,201939,Stephen Curry,1610612744,Golden State Warriors,4,5,18,Missed Shot,Driving Finger Roll Layup Shot,2PT Field Goal,In The Paint (Non-RA),Center(C),Less Than 8 ft.,5,-33,39,1,0,20241206,GSW,MIN
Shot Chart Detail,0022400338,645,201939,Stephen Curry,1610612744,Golden State Warriors,4,4,17,Made Shot,Pullup Jump shot,2PT Field Goal,Mid-Range,Right Side Center(RC),16-24 ft.,19,89,172,1,1,20241206,GSW,MIN
Shot Chart Detail,0022400338,650,201939,Stephen Curry,1610612744,Golden State Warriors,4,3,50,Missed Shot,Pullup Jump shot,3PT Field Goal,Above the Break 3,Center(C),24+ ft.,32,-6,320,1,0,20241206,GSW,MIN
Shot Chart Detail,0022400355,63,201939,Stephen Curry,1610612744,Golden State Warriors,1,6,52,Made Shot,Jump Shot,3PT Field Goal,Above the Break 3,Center(C),24+ ft.,26,-23,267,1,1,20241208,GSW,MIN
Shot Chart Detail,0022400355,135,201939,Stephen Curry,1610612744,Golden State Warriors,1,2,2,Missed Shot,Step Back Jump shot,3PT Field Goal,Above the Break 3,Right Side Center(RC),24+ ft.,29,199,211,1,0,20241208,GSW,MIN
Shot Chart Detail,0022400355,142,201939,Stephen Curry,1610612744,Golden State Warriors,1,1,16,Missed Shot,Driving Floating Jump Shot,2PT Field Goal,In The Paint (Non-RA),Center(C),8-16 ft.,12,20,126,1,0,20241208,GSW,MIN
Shot Chart Detail,0022400355,153,201939,Stephen Curry,1610612744,Golden State Warriors,1,0,41,Missed Shot,Step Back Jump shot,3PT Field Goal,Above the Break 3,Center(C),24+ ft.,28,13,289,1,0,20241208,GSW,MIN
Shot Chart Detail,0022400355,177,201939,Stephen Curry,1610612744,Golden State Warriors,2,11,8,Made Shot,Driving Layup Shot,2PT Field Goal,Restricted Area,Center(C),Less Than 8 ft.,3,-32,5,1,1,20241208,GSW,MIN
Shot Chart Detail,0022400355,180,201939,Stephen Curry,1610612744,Golden State Warriors,2,10,38,Made Shot,Jump Shot,3PT Field Goal,Above the Break 3,Left Side Center(LC),24+ ft.,27,-150,226,1,1,20241208,GSW,MIN
Shot Chart Detail,0022400355,192,201939,Stephen Curry,1610612744,Golden State Warriors,2,10,1,Made Shot,Pullup Jump shot,3PT Field Goal,Above the Break 3,Right Side Center(RC),24+ ft.,28,151,246,1,1,20241208,GSW,MIN
Shot Chart Detail,0022400355,214,201939,Stephen Curry,1610612744,Golden State Warriors,2,8,37,Made Shot,Driving Reverse Layup Shot,2PT Field Goal,In The Paint (Non-RA),Center(C),Less Than 8 ft.,5,-44,31,1,1,20241208,GSW,MIN
Shot Chart Detail,0022400355,221,201939,Stephen Curry,1610612744,Golden State Warriors,2,8,34,Missed Shot,Jump Shot,3PT Field Goal,Above the Break 3,Left Side Center(LC),24+ ft.,25,-119,227,1,0,20241208,GSW,MIN
Shot Chart Detail,0022400355,288,201939,Stephen Curry,1610612744,Golden State Warriors,2,3,38,Missed Shot,Pullup Jump shot,3PT Field Goal,Above the Break 3,Left Side Center(LC),24+ ft.,25,-109,231,1,0,20241208,GSW,MIN
Shot Chart Detail,0022400355,326,201939,Stephen Curry,1610612744,Golden State Warriors,2,0,53,Made Shot,Pullup Jump shot,3PT Field Goal,Above the Break 3,Right Side Center(RC),24+ ft.,27,201,184,1,1,20241208,GSW,MIN
Shot Chart Detail,0022400355,330,201939,Stephen Curry,1610612744,Golden State Warriors,2,0,17,Missed Shot,Jump Shot,3PT Field Goal,Above the Break 3,Left Side Center(LC),24+ ft.,25,-167,192,1,0,20241208,GSW,MIN
Shot Chart Detail,0022400355,365,201939,Stephen Curry,1610612744,Golden State Warriors,3,9,54,Made Shot,Driving Finger Roll Layup Shot,2PT Field Goal,In The Paint (Non-RA),Center(C),Less Than 8 ft.,7,-70,4,1,1,20241208,GSW,MIN
Shot Chart Detail,0022400355,491,201939,Stephen Curry,1610612744,Golden State Warriors,3,1,0,Missed Shot,Driving Layup Shot,2PT Field Goal,In The Paint (Non-RA),Center(C),Less Than 8 ft.,6,54,38,1,0,20241208,GSW,MIN
Shot Chart Detail,0022400355,503,201939,Stephen Curry,1610612744,Golden State Warriors,3,0,1,Made Shot,Pullup Jump shot,3PT Field Goal,Above the Break 3,Left Side Center(LC),24+ ft.,38,-205,328,1,1,20241208,GSW,MIN
Shot Chart Detail,0022400355,517,201939,Stephen Curry,1610612744,Golden State Warriors,4,11,12,Missed Shot,Driving Floating Jump Shot,2PT Field Goal,In The Paint (Non-RA),Center(C),8-16 ft.,9,-43,81,1,0,20241208,GSW,MIN
Shot Chart Detail,0022400355,610,201939,Stephen Curry,1610612744,Golden State Warriors,4,4,22,Missed Shot,Driving Floating Bank Jump Shot,2PT Field Goal,Mid-Range,Left Side(L),8-16 ft.,13,-108,84,1,0,20241208,GSW,MIN
Shot Chart Detail,0022400355,646,201939,Stephen Curry,1610612744,Golden State Warriors,4,1,54,Missed Shot,Pullup Jump shot,3PT Field Goal,Above the Break 3,Left Side Center(LC),24+ ft.,27,-186,209,1,0,20241208,GSW,MIN
Shot Chart Detail,0022400366,37,201939,Stephen Curry,1610612744,Golden State Warriors,1,9,21,Missed Shot,Jump Shot,3PT Field Goal,Right Corner 3,Right Side(R),24+ ft.,23,235,-13,1,0,20241219,MEM,GSW
Shot Chart Detail,0022400366,54,201939,Stephen Curry,1610612744,Golden State Warriors,1,8,19,Missed Shot,Step Back Jump shot,3PT Field Goal,Above the Break 3,Left Side Center(LC),24+ ft.,25,-123,220,1,0,20241219,MEM,GSW
Shot Chart Detail,0022400366,201,201939,Stephen Curry,1610612744,Golden State Warriors,2,11,46,Missed Shot,Jump Shot,3PT Field Goal,Above the Break 3,Left Side Center(LC),24+ ft.,25,-146,203,1,0,20241219,MEM,GSW
Shot Chart Detail,0022400366,227,201939,Stephen Curry,1610612744,Golden State Warriors,2,9,50,Missed Shot,Pullup Jump shot,3PT Field Goal,Above the Break 3,Left Side Center(LC),24+ ft.,25,-137,210,1,0,20241219,MEM,GSW
Shot Chart Detail,0022400366,383,201939,Stephen Curry,1610612744,Golden State Warriors,2,0,1,Missed Shot,Driving Layup Shot,2PT Field Goal,Restricted Area,Center(C),Less Than 8 ft.,1,-1,16,1,0,20241219,MEM,GSW
Shot Chart Detail,0022400366,422,201939,Stephen Curry,1610612744,Golden State Warriors,3,9,28,Missed Shot,Pullup Jump shot,3PT Field Goal,Above the Break 3,Center(C),24+ ft.,29,7,299,1,0,20241219,MEM,GSW
Shot Chart Detail,0022400366,442,201939,Stephen Curry,1610612744,Golden State Warriors,3,8,31,Missed Shot,Jump Shot,3PT Field Goal,Above the Break 3,Center(C),24+ ft.,25,48,251,1,0,20241219,MEM,GSW
Shot Chart Detail,0022400383,24,201939,Stephen Curry,1610612744,Golden State Warriors,1,9,37,Missed Shot,Jump Shot,3PT Field Goal,Above the Break 3,Right Side Center(RC),24+ ft.,26,165,201,1,0,20241221,MIN,GSW
Shot Chart Detail,0022400383,112,201939,Stephen Curry,1610612744,Golden State Warriors,1,3,14,Missed Shot,Jump Shot,3PT Field Goal,Above the Break 3,Right Side Center(RC),24+ ft.,26,148,224,1,0,20241221,MIN,GSW
Shot Chart Detail,0022400383,121,201939,Stephen Curry,1610612744,Golden State Warriors,1,2,31,Missed Shot,Jump Shot,3PT Field Goal,Above the Break 3,Left Side Center(LC),24+ ft.,24,-132,201,1,0,20241221,MIN,GSW
Shot Chart Detail,0022400383,135,201939,Stephen Curry,1610612744,Golden State Warriors,1,1,8,Made Shot,Pullup Jump shot,3PT Field Goal,Above the Break 3,Center(C),24+ ft.,27,65,264,1,1,20241221,MIN,GSW
Shot Chart Detail,0022400383,161,201939,Stephen Curry,1610612744,Golden State Warriors,2,11,40,Missed Shot,Jump Shot,3PT Field Goal,Above the Break 3,Right Side Center(RC),24+ ft.,26,87,248,1,0,20241221,MIN,GSW
Shot Chart Detail,0022400383,163,201939,Stephen Curry,1610612744,Golden State Warriors,2,11,26,Made Shot,Pullup Jump shot,2PT Field Goal,Mid-Range,Left Side(L),16-24 ft.,16,-165,32,1,1,20241221,MIN,GSW
Shot Chart Detail,0022400383,175,201939,Stephen Curry,1610612744,Golden State Warriors,2,10,41,Made Shot,Jump Shot,3PT Field Goal,Above the Break 3,Right Side Center(RC),24+ ft.,26,161,210,1,1,20241221,MIN,GSW
Shot Chart Detail,0022400383,178,201939,Stephen Curry,1610612744,Golden State Warriors,2,10,7,Missed Shot,Jump Shot,3PT Field Goal,Above the Break 3,Right Side Center(RC),24+ ft.,24,219,114,1,0,20241221,MIN,GSW
Shot Chart Detail,0022400383,285,201939,Stephen Curry,1610612744,Golden State Warriors,2,4,5,Missed Shot,Pullup Jump shot,3PT Field Goal,Above the Break 3,Right Side Center(RC),24+ ft.,25,123,224,1,0,20241221,MIN,GSW
Shot Chart Detail,0022400383,329,201939,Stephen Curry,1610612744,Golden State Warriors,2,1,13,Made Shot,Step Back Jump shot,3PT Field Goal,Above the Break 3,Right Side Center(RC),24+ ft.,24,222,104,1,1,20241221,MIN,GSW
Shot Chart Detail,0022400383,335,201939,Stephen Curry,1610612744,Golden State Warriors,2,0,40,Missed Shot,Driving Layup Shot,2PT Field Goal,In The Paint (Non-RA),Center(C),Less Than 8 ft.,5,-48,20,1,0,20241221,MIN,GSW
Shot Chart Detail,0022400383,377,201939,Stephen Curry,1610612744,Golden State Warriors,3,10,51,Missed Shot,Running Jump Shot,3PT Field Goal,Above the Break 3,Right Side Center(RC),24+ ft.,25,174,183,1,0,20241221,MIN,GSW
Shot Chart Detail,0022400383,394,201939,Stephen Curry,1610612744,Golden State Warriors,3,9,29,Made Shot,Jump Shot,3PT Field Goal,Above the Break 3,Right Side Center(RC),24+ ft.,26,124,231,1,1,20241221,MIN,GSW
Shot Chart Detail,0022400383,471,201939,Stephen Curry,1610612744,Golden State Warriors,3,4,0,Made Shot,Pullup Jump shot,2PT Field Goal,Mid-Range,Left Side Center(LC),16-24 ft.,17,-66,162,1,1,20241221,MIN,GSW
Shot Chart Detail,0022400383,473,201939,Stephen Curry,1610612744,Golden State Warriors,3,3,35,Missed Shot,Pullup Jump shot,3PT Field Goal,Above the Break 3,Center(C),24+ ft.,25,20,257,1,0,20241221,MIN,GSW
Shot Chart Detail,0022400383,477,201939,Stephen Curry,1610612744,Golden State Warriors,3,3,21,Made Shot,Cutting Layup Shot,2PT Field Goal,Restricted Area,Center(C),Less Than 8 ft.,2,-22,15,1,1,20241221,MIN,GSW
Shot Chart Detail,0022400383,601,201939,Stephen Curry,1610612744,Golden State Warriors,4,7,30,Missed Shot,Pullup Jump shot,3PT Field Goal,Above the Break 3,Left Side Center(LC),24+ ft.,26,-135,228,1,0,20241221,MIN,GSW
Shot Chart Detail,0022400383,642,201939,Stephen Curry,1610612744,Golden State Warriors,4,3,38,Made Shot,Pullup Jump shot,3PT Field Goal,Above the Break 3,Center(C),24+ ft.,25,60,249,1,1,20241221,MIN,GSW
Shot Chart Detail,0022400383,659,201939,Stephen Curry,1610612744,Golden State Warriors,4,2,41,Made Shot,Pullup Jump shot,3PT Field Goal,Above the Break 3,Right Side Center(RC),24+ ft.,26,132,231,1,1,20241221,MIN,GSW
Shot Chart Detail,0022400383,661,201939,Stephen Curry,1610612744,Golden State Warriors,4,2,9,Made Shot,Jump Shot,3PT Field Goal,Above the Break 3,Center(C),24+ ft.,25,2,254,1,1,20241221,MIN,GSW
Shot Chart Detail,0022400383,670,201939,Stephen Curry,1610612744,Golden State Warriors,4,1,48,Missed Shot,Driving Finger Roll Layup Shot,2PT Field Goal,In The Paint (Non-RA),Center(C),8-16 ft.,9,15,97,1,0,20241221,MIN,GSW
Shot Chart Detail,0022400403,179,201939,Stephen Curry,1610612744,Golden State Warriors,2,10,35,Missed Shot,Jump Shot,3PT Field Goal,Above the Break 3,Center(C),24+ ft.,26,-40,258,1,0,20241223,GSW,IND
Shot Chart Detail,0022400403,280,201939,Stephen Curry,1610612744,Golden State Warriors,2,4,12,Missed Shot,Fadeaway Jump Shot,2PT Field Goal,Mid-Range,Right Side(R),8-16 ft.,15,121,98,1,0,20241223,GSW,IND
Shot Chart Detail,0022400403,311,201939,Stephen Curry,1610612744,Golden State Warriors,2,1,59,Missed Shot,Jump Shot,3PT Field Goal,Above the Break 3,Right Side Center(RC),24+ ft.,30,148,266,1,0,20241223,GSW,IND
Shot Chart Detail,0022400403,321,201939,Stephen Curry,1610612744,Golden State Warriors,2,0,2,Missed Shot,Pullup Jump shot,3PT Field Goal,Above the Break 3,Right Side Center(RC),24+ ft.,30,147,262,1,0,20241223,GSW,IND
Shot Chart Detail,0022400403,439,201939,Stephen Curry,1610612744,Golden State Warriors,3,3,39,Missed Shot,Jump Shot,3PT Field Goal,Above the Break 3,Left Side Center(LC),24+ ft.,26,-120,231,1,0,20241223,GSW,IND
Shot Chart Detail,0022400403,478,201939,Stephen Curry,1610612744,Golden State Warriors,3,0,41,Made Shot,Pullup Jump shot,3PT Field Goal,Above the Break 3,Right Side Center(RC),24+ ft.,26,151,212,1,1,20241223,GSW,IND
Shot Chart Detail,0022400403,481,201939,Stephen Curry,1610612744,Golden State Warriors,3,0,17,Missed Shot,Running Pull-Up Jump Shot,3PT Field Goal,Above the Break 3,Center(C),24+ ft.,31,-7,317,1,0,20241223,GSW,IND
Shot Chart Detail,0022400403,523,201939,Stephen Curry,1610612744,Golden State Warriors,4,9,59,Made Shot,Jump Shot,3PT Field Goal,Above the Break 3,Left Side Center(LC),24+ ft.,28,-192,206,1,1,20241223,GSW,IND
Shot Chart Detail,0022400403,534,201939,Stephen Curry,1610612744,Golden State Warriors,4,8,49,Missed Shot,Pullup Jump shot,2PT Field Goal,Mid-Range,Center(C),16-24 ft.,19,-52,190,1,0,20241223,GSW,IND
Shot Chart Detail,0022400403,548,201939,Stephen Curry,1610612744,Golden State Warriors,4,8,0,Missed Shot,Step Back Jump shot,2PT Field Goal,Mid-Range,Left Side Center(LC),16-24 ft.,19,-138,137,1,0,20241223,GSW,IND
Shot Chart Detail,0022400403,597,201939,Stephen Curry,1610612744,Golden State Warriors,4,4,29,Missed Shot,Cutting Finger Roll Layup Shot,2PT Field Goal,In The Paint (Non-RA),Center(C),Less Than 8 ft.,4,-43,16,1,0,20241223,GSW,IND
Shot Chart Detail,0022400403,616,201939,Stephen Curry,1610612744,Golden State Warriors,4,2,51,Missed Shot,Jump Shot,3PT Field Goal,Above the Break 3,Center(C),24+ ft.,27,28,273,1,0,20241223,GSW,IND
Shot Chart Detail,0022400403,641,201939,Stephen Curry,1610612744,Golden State Warriors,4,0,47,Missed Shot,Step Back Jump shot,3PT Field Goal,Left Corner 3,Left Side(L),24+ ft.,23,-230,55,1,0,20241223,GSW,IND
Shot Chart Detail,0022400408,9,201939,Stephen Curry,1610612744,Golden State Warriors,1,11,25,Made Shot,Cutting Layup Shot,2PT Field Goal,Restricted Area,Center(C),Less Than 8 ft.,2,17,12,1,1,20241225,GSW,LAL
Shot Chart Detail,0022400408,55,201939,Stephen Curry,1610612744,Golden State Warriors,1,6,25,Missed Shot,Driving Finger Roll Layup Shot,2PT Field Goal,In The Paint (Non-RA),Center(C),Less Than 8 ft.,5,6,52,1,0,20241225,GSW,LAL
Shot Chart Detail,0022400408,74,201939,Stephen Curry,1610612744,Golden State Warriors,1,4,55,Made Shot,Pullup Jump shot,3PT Field Goal,Above the Break 3,Right Side Center(RC),24+ ft.,26,136,231,1,1,20241225,GSW,LAL
Shot Chart Detail,0022400408,151,201939,Stephen Curry,1610612744,Golden State Warriors,2,11,6,Missed Shot,Jump Shot,3PT Field Goal,Above the Break 3,Center(C),24+ ft.,28,-4,288,1,0,20241225,GSW,LAL
Shot Chart Detail,0022400408,153,201939,Stephen Curry,1610612744,Golden State Warriors,2,10,59,Made Shot,Jump Shot,3PT Field Goal,Above the Break 3,Left Side Center(LC),24+ ft.,26,-169,204,1,1,20241225,GSW,LAL
Shot Chart Detail,0022400408,157,201939,Stephen Curry,1610612744,Golden State Warriors,2,10,23,Missed Shot,Pullup Jump shot,3PT Field Goal,Above the Break 3,Right Side Center(RC),24+ ft.,26,161,210,1,0,20241225,GSW,LAL
Shot Chart Detail,0022400408,182,201939,Stephen Curry,1610612744,Golden State Warriors,2,8,40,Missed Shot,Pullup Jump shot,3PT Field Goal,Above the Break 3,Left Side Center(LC),24+ ft.,29,-140,259,1,0,20241225,GSW,LAL
Shot Chart Detail,0022400408,292,201939,Stephen Curry,1610612744,Golden State Warriors,2,2,22,Made Shot,Driving Layup Shot,2PT Field Goal,Restricted Area,Center(C),Less Than 8 ft.,3,28,17,1,1,20241225,GSW,LAL
Shot Chart Detail,0022400408,306,201939,Stephen Curry,1610612744,Golden State Warriors,2,1,38,Made Shot,Pullup Jump shot,3PT Field Goal,Above the Break 3,Right Side Center(RC),24+ ft.,28,130,254,1,1,20241225,GSW,LAL
Shot Chart Detail,0022400408,309,201939,Stephen Curry,1610612744,Golden State Warriors,2,1,6,Made Shot,Step Back Jump shot,3PT Field Goal,Above the Break 3,Right Side Center(RC),24+ ft.,26,130,231,1,1,20241225,GSW,LAL
Shot Chart Detail,0022400408,316,201939,Stephen Curry,1610612744,Golden State Warriors,2,0,19,Missed Shot,Pullup Jump shot,3PT Field Goal,Above the Break 3,Right Side Center(RC),24+ ft.,27,88,262,1,0,20241225,GSW,LAL
Shot Chart Detail,0022400408,330,201939,Stephen Curry,1610612744,Golden State Warriors,3,11,19,Missed Shot,Pullup Jump shot,2PT Field Goal,Mid-Range,Center(C),16-24 ft.,16,-16,166,1,0,20241225,GSW,LAL
Shot Chart Detail,0022400408,363,201939,Stephen Curry,1610612744,Golden State Warriors,3,7,16,Made Shot,Pullup Jump shot,3PT Field Goal,Above the Break 3,Right Side Center(RC),24+ ft.,27,218,163,1,1,20241225,GSW,LAL
Shot Chart Detail,0022400408,469,201939,Stephen Curry,1610612744,Golden State Warriors,4,11,18,Made Shot,Driving Floating Bank Jump Shot,2PT Field Goal,Mid-Range,Right Side(R),8-16 ft.,11,103,61,1,1,20241225,GSW,LAL
Shot Chart Detail,0022400408,497,201939,Stephen Curry,1610612744,Golden State Warriors,4,8,59,Made Shot,Step Back Jump shot,2PT Field Goal,Mid-Range,Left Side(L),16-24 ft.,16,-130,94,1,1,20241225,GSW,LAL
Shot Chart Detail,0022400408,578,201939,Stephen Curry,1610612744,Golden State Warriors,4,3,55,Missed Shot,Driving Reverse Layup Shot,2PT Field Goal,Restricted Area,Center(C),Less Than 8 ft.,3,-28,22,1,0,20241225,GSW,LAL
Shot Chart Detail,0022400408,585,201939,Stephen Curry,1610612744,Golden State Warriors,4,3,40,Missed Shot,Jump Shot,3PT Field Goal,Above the Break 3,Left Side Center(LC),24+ ft.,25,-217,125,1,0,20241225,GSW,LAL
Shot Chart Detail,0022400408,592,201939,Stephen Curry,1610612744,Golden State Warriors,4,3,16,Made Shot,Driving Finger Roll Layup Shot,2PT Field Goal,In The Paint (Non-RA),Center(C),Less Than 8 ft.,7,53,52,1,1,20241225,GSW,LAL
Shot Chart Detail,0022400408,595,201939,Stephen Curry,1610612744,Golden State Warriors,4,2,54,Missed Shot,Running Jump Shot,3PT Field Goal,Above the Break 3,Left Side Center(LC),24+ ft.,25,-199,163,1,0,20241225,GSW,LAL
Shot Chart Detail,0022400408,597,201939,Stephen Curry,1610612744,Golden State Warriors,4,2,49,Made Shot,Pullup Jump shot,3PT Field Goal,Above the Break 3,Left Side Center(LC),24+ ft.,25,-116,222,1,1,20241225,GSW,LAL
Shot Chart Detail,0022400408,601,201939,Stephen Curry,1610612744,Golden State Warriors,4,2,19,Missed Shot,Step Back Jump shot,3PT Field Goal,Above the Break 3,Right Side Center(RC),24+ ft.,27,191,203,1,0,20241225,GSW,LAL
Shot Chart Detail,0022400408,623,201939,Stephen Curry,1610612744,Golden State Warriors,4,0,25,Made Shot,Running Reverse Layup Shot,2PT Field Goal,Restricted Area,Center(C),Less Than 8 ft.,2,-23,5,1,1,20241225,GSW,LAL
Shot Chart Detail,0022400408,639,201939,Stephen Curry,1610612744,Golden State Warriors,4,0,12,Made Shot,Jump Shot,3PT Field Goal,Right Corner 3,Right Side(R),24+ ft.,22,225,43,1,1,20241225,GSW,LAL
Shot Chart Detail,0022400408,650,201939,Stephen Curry,1610612744,Golden State Warriors,4,0,7,Made Shot,Jump Shot,3PT Field Goal,Above the Break 3,Left Side Center(LC),24+ ft.,31,-125,285,1,1,20241225,GSW,LAL
Shot Chart Detail,0022400431,15,201939,Stephen Curry,1610612744,Golden State Warriors,1,10,40,Missed Shot,Jump Shot,3PT Field Goal,Above the Break 3,Left Side Center(LC),24+ ft.,26,-103,247,1,0,20241228,GSW,PHX
Shot Chart Detail,0022400431,17,201939,Stephen Curry,1610612744,Golden State Warriors,1,10,24,Missed Shot,Step Back Jump shot,3PT Field Goal,Above the Break 3,Right Side Center(RC),24+ ft.,27,191,195,1,0,20241228,GSW,PHX
Shot Chart Detail,0022400431,40,201939,Stephen Curry,1610612744,Golden State Warriors,1,8,20,Made Shot,Jump Shot,3PT Field Goal,Above the Break 3,Right Side Center(RC),24+ ft.,26,129,237,1,1,20241228,GSW,PHX
Shot Chart Detail,0022400431,72,201939,Stephen Curry,1610612744,Golden State Warriors,1,6,18,Made Shot,Step Back Jump shot,2PT Field Goal,Mid-Range,Left Side Center(LC),16-24 ft.,16,-121,115,1,1,20241228,GSW,PHX
Shot Chart Detail,0022400431,80,201939,Stephen Curry,1610612744,Golden State Warriors,1,5,0,Made Shot,Running Jump Shot,3PT Field Goal,Above the Break 3,Left Side Center(LC),24+ ft.,26,-159,210,1,1,20241228,GSW,PHX
Shot Chart Detail,0022400431,218,201939,Stephen Curry,1610612744,Golden State Warriors,2,8,24,Made Shot,Step Back Jump shot,3PT Field Goal,Above the Break 3,Right Side Center(RC),24+ ft.,28,199,199,1,1,20241228,GSW,PHX
Shot Chart Detail,0022400431,288,201939,Stephen Curry,1610612744,Golden State Warriors,2,3,13,Made Shot,Driving Layup Shot,2PT Field Goal,In The Paint (Non-RA),Center(C),Less Than 8 ft.,5,-53,19,1,1,20241228,GSW,PHX
Shot Chart Detail,0022400431,315,201939,Stephen Curry,1610612744,Golden State Warriors,2,1,17,Missed Shot,Jump Shot,3PT Field Goal,Above the Break 3,Right Side Center(RC),24+ ft.,29,201,211,1,0,20241228,GSW,PHX
Shot Chart Detail,0022400431,332,201939,Stephen Curry,1610612744,Golden State Warriors,2,0,1,Made Shot,Driving Floating Jump Shot,2PT Field Goal,Mid-Range,Left Side Center(LC),16-24 ft.,17,-119,129,1,1,20241228,GSW,PHX
Shot Chart Detail,0022400431,346,201939,Stephen Curry,1610612744,Golden State Warriors,3,11,42,Missed Shot,Jump Shot,3PT Field Goal,Above the Break 3,Right Side Center(RC),24+ ft.,25,174,186,1,0,20241228,GSW,PHX
Shot Chart Detail,0022400431,385,201939,Stephen Curry,1610612744,Golden State Warriors,3,8,40,Made Shot,Step Back Jump shot,3PT Field Goal,Above the Break 3,Center(C),24+ ft.,26,27,265,1,1,20241228,GSW,PHX
Shot Chart Detail,0022400431,388,201939,Stephen Curry,1610612744,Golden State Warriors,3,8,8,Missed Shot,Pullup Jump shot,3PT Field Goal,Above the Break 3,Center(C),24+ ft.,30,33,302,1,0,20241228,GSW,PHX
Shot Chart Detail,0022400431,434,201939,Stephen Curry,1610612744,Golden State Warriors,3,5,8,Missed Shot,Jump Shot,2PT Field Goal,Mid-Range,Right Side Center(RC),16-24 ft.,22,145,176,1,0,20241228,GSW,PHX
Shot Chart Detail,0022400431,517,201939,Stephen Curry,1610612744,Golden State Warriors,4,10,39,Missed Shot,Jump Shot,3PT Field Goal,Above the Break 3,Left Side Center(LC),24+ ft.,29,-210,200,1,0,20241228,GSW,PHX
Shot Chart Detail,0022400431,543,201939,Stephen Curry,1610612744,Golden State Warriors,4,9,25,Made Shot,Driving Layup Shot,2PT Field Goal,In The Paint (Non-RA),Center(C),Less Than 8 ft.,6,-66,22,1,1,20241228,GSW,PHX
Shot Chart Detail,0022400431,548,201939,Stephen Curry,1610612744,Golden State Warriors,4,8,56,Missed Shot,Running Pull-Up Jump Shot,3PT Field Goal,Above the Break 3,Center(C),24+ ft.,28,80,270,1,0,20241228,GSW,PHX
Shot Chart Detail,0022400431,609,201939,Stephen Curry,1610612744,Golden State Warriors,4,4,43,Made Shot,Floating Jump shot,2PT Field Goal,In The Paint (Non-RA),Center(C),8-16 ft.,10,33,104,1,1,20241228,GSW,PHX
Shot Chart Detail,0022400431,628,201939,Stephen Curry,1610612744,Golden State Warriors,4,2,55,Missed Shot,Hook Bank Shot,2PT Field Goal,In The Paint (Non-RA),Center(C),Less Than 8 ft.,6,32,57,1,0,20241228,GSW,PHX
Shot Chart Detail,0022400431,632,201939,Stephen Curry,1610612744,Golden State Warriors,4,2,32,Missed Shot,Jump Shot,3PT Field Goal,Above the Break 3,Right Side Center(RC),24+ ft.,25,202,153,1,0,20241228,GSW,PHX
Shot Chart Detail,0022400431,643,201939,Stephen Curry,1610612744,Golden State Warriors,4,2,1,Missed Shot,Pullup Jump shot,2PT Field Goal,Mid-Range,Right Side Center(RC),16-24 ft.,17,67,163,1,0,20241228,GSW,PHX
Shot Chart Detail,0022400431,658,201939,Stephen Curry,1610612744,Golden State Warriors,4,0,42,Missed Shot,Driving Floating Bank Jump Shot,2PT Field Goal,In The Paint (Non-RA),Center(C),Less Than 8 ft.,4,39,18,1,0,20241228,GSW,PHX
Shot Chart Detail,0022400431,664,201939,Stephen Curry,1610612744,Golden State Warriors,4,0,32,Missed Shot,Step Back Jump shot,3PT Field Goal,Above the Break 3,Right Side Center(RC),24+ ft.,26,162,207,1,0,20241228,GSW,PHX
Shot Chart Detail,0022400446,12,201939,Stephen Curry,1610612744,Golden State Warriors,1,11,31,Missed Shot,Step Back Jump shot,3PT Field Goal,Above the Break 3,Center(C),24+ ft.,25,27,257,1,0,20241230,GSW,CLE
Shot Chart Detail,0022400446,39,201939,Stephen Curry,1610612744,Golden State Warriors,1,8,51,Missed Shot,Running Pull-Up Jump Shot,3PT Field Goal,Above the Break 3,Right Side Center(RC),24+ ft.,25,119,229,1,0,20241230,GSW,CLE
Shot Chart Detail,0022400446,78,201939,Stephen Curry,1610612744,Golden State Warriors,1,5,53,Missed Shot,Step Back Jump shot,3PT Field Goal,Above the Break 3,Center(C),24+ ft.,26,50,258,1,0,20241230,GSW,CLE
Shot Chart Detail,0022400446,103,201939,Stephen Curry,1610612744,Golden State Warriors,1,5,2,Made Shot,Running Reverse Layup Shot,2PT Field Goal,In The Paint (Non-RA),Center(C),Less Than 8 ft.,5,-26,48,1,1,20241230,GSW,CLE
Shot Chart Detail,0022400446,211,201939,Stephen Curry,1610612744,Golden State Warriors,2,10,9,Missed Shot,Pullup Jump shot,3PT Field Goal,Above the Break 3,Center(C),24+ ft.,25,-11,255,1,0,20241230,GSW,CLE
Shot Chart Detail,0022400446,236,201939,Stephen Curry,1610612744,Golden State Warriors,2,8,39,Missed Shot,Driving Layup Shot,2PT Field Goal,Restricted Area,Center(C),Less Than 8 ft.,3,2,35,1,0,20241230,GSW,CLE
Shot Chart Detail,0022400446,426,201939,Stephen Curry,1610612744,Golden State Warriors,3,7,25,Missed Shot,Step Back Jump shot,3PT Field Goal,Above the Break 3,Left Side Center(LC),24+ ft.,29,-131,265,1,0,20241230,GSW,CLE
Shot Chart Detail,0022400446,453,201939,Stephen Curry,1610612744,Golden State Warriors,3,5,48,Made Shot,Pullup Jump shot,3PT Field Goal,Above the Break 3,Right Side Center(RC),24+ ft.,28,165,232,1,1,20241230,GSW,CLE
Shot Chart Detail,0022400446,464,201939,Stephen Curry,1610612744,Golden State Warriors,3,4,37,Missed Shot,Driving Finger Roll Layup Shot,2PT Field Goal,In The Paint (Non-RA),Center(C),Less Than 8 ft.,7,-43,57,1,0,20241230,GSW,CLE
Shot Chart Detail,0022400446,473,201939,Stephen Curry,1610612744,Golden State Warriors,3,4,17,Made Shot,Pullup Jump shot,3PT Field Goal,Above the Break 3,Center(C),24+ ft.,27,-54,265,1,1,20241230,GSW,CLE
Shot Chart Detail,0022400446,476,201939,Stephen Curry,1610612744,Golden State Warriors,3,3,54,Missed Shot,Pullup Jump shot,3PT Field Goal,Above the Break 3,Center(C),24+ ft.,29,38,288,1,0,20241230,GSW,CLE
Shot Chart Detail,0022400446,538,201939,Stephen Curry,1610612744,Golden State Warriors,3,0,4,Missed Shot,Jump Shot,3PT Field Goal,Above the Break 3,Left Side Center(LC),24+ ft.,26,-212,154,1,0,20241230,GSW,CLE
Shot Chart Detail,0022400446,614,201939,Stephen Curry,1610612744,Golden State Warriors,4,7,49,Made Shot,Step Back Jump shot,3PT Field Goal,Above the Break 3,Right Side Center(RC),24+ ft.,26,167,205,1,1,20241230,GSW,CLE
Shot Chart Detail,0022400446,632,201939,Stephen Curry,1610612744,Golden State Warriors,4,5,43,Missed Shot,Step Back Jump shot,3PT Field Goal,Above the Break 3,Right Side Center(RC),24+ ft.,26,108,246,1,0,20241230,GSW,CLE
Shot Chart Detail,0022400467,9,201939,Stephen Curry,1610612744,Golden State Warriors,1,11,39,Made Shot,Jump Shot,3PT Field Goal,Above the Break 3,Left Side Center(LC),24+ ft.,26,-164,209,1,1,20250102,GSW,PHI
Shot Chart Detail,0022400467,94,201939,Stephen Curry,1610612744,Golden State Warriors,1,5,4,Missed Shot,Driving Reverse Layup Shot,2PT Field Goal,In The Paint (Non-RA),Center(C),Less Than 8 ft.,4,-5,48,1,0,20250102,GSW,PHI
Shot Chart Detail,0022400467,113,201939,Stephen Curry,1610612744,Golden State Warriors,1,3,37,Missed Shot,Putback Layup Shot,2PT Field Goal,In The Paint (Non-RA),Center(C),Less Than 8 ft.,5,32,42,1,0,20250102,GSW,PHI
Shot Chart Detail,0022400467,189,201939,Stephen Curry,1610612744,Golden State Warriors,2,9,54,Made Shot,Jump Shot,3PT Field Goal,Above the Break 3,Right Side Center(RC),24+ ft.,25,191,170,1,1,20250102,GSW,PHI
Shot Chart Detail,0022400467,196,201939,Stephen Curry,1610612744,Golden State Warriors,2,9,0,Made Shot,Driving Finger Roll Layup Shot,2PT Field Goal,In The Paint (Non-RA),Center(C),Less Than 8 ft.,4,-13,43,1,1,20250102,GSW,PHI
Shot Chart Detail,0022400467,302,201939,Stephen Curry,1610612744,Golden State Warriors,2,2,35,Made Shot,Jump Shot,3PT Field Goal,Left Corner 3,Left Side(L),24+ ft.,23,-232,57,1,1,20250102,GSW,PHI
Shot Chart Detail,0022400467,353,201939,Stephen Curry,1610612744,Golden State Warriors,3,10,33,Missed Shot,Driving Floating Jump Shot,2PT Field Goal,In The Paint (Non-RA),Center(C),8-16 ft.,13,-58,121,1,0,20250102,GSW,PHI
Shot Chart Detail,0022400467,363,201939,Stephen Curry,1610612744,Golden State Warriors,3,9,38,Made Shot,Running Pull-Up Jump Shot,3PT Field Goal,Above the Break 3,Right Side Center(RC),24+ ft.,26,141,227,1,1,20250102,GSW,PHI
Shot Chart Detail,0022400467,374,201939,Stephen Curry,1610612744,Golden State Warriors,3,8,48,Made Shot,Driving Floating Jump Shot,2PT Field Goal,In The Paint (Non-RA),Center(C),Less Than 8 ft.,5,56,11,1,1,20250102,GSW,PHI
Shot Chart Detail,0022400467,411,201939,Stephen Curry,1610612744,Golden State Warriors,3,6,20,Missed Shot,Pullup Jump shot,2PT Field Goal,Mid-Range,Center(C),16-24 ft.,22,23,227,1,0,20250102,GSW,PHI
Shot Chart Detail,0022400467,420,201939,Stephen Curry,1610612744,Golden State Warriors,3,5,29,Made Shot,Jump Shot,3PT Field Goal,Above the Break 3,Right Side Center(RC),24+ ft.,29,147,252,1,1,20250102,GSW,PHI
Shot Chart Detail,0022400467,426,201939,Stephen Curry,1610612744,Golden State Warriors,3,4,49,Made Shot,Running Pull-Up Jump Shot,3PT Field Goal,Above the Break 3,Center(C),24+ ft.,31,93,298,1,1,20250102,GSW,PHI
Shot Chart Detail,0022400467,443,201939,Stephen Curry,1610612744,Golden State Warriors,3,3,47,Made Shot,Pullup Jump shot,2PT Field Goal,Mid-Range,Left Side Center(LC),16-24 ft.,19,-146,131,1,1,20250102,GSW,PHI
Shot Chart Detail,0022400467,539,201939,Stephen Curry,1610612744,Golden State Warriors,4,9,32,Made Shot,Pullup Jump shot,3PT Field Goal,Above the Break 3,Center(C),24+ ft.,30,-20,309,1,1,20250102,GSW,PHI
Shot Chart Detail,0022400467,542,201939,Stephen Curry,1610612744,Golden State Warriors,4,9,12,Made Shot,Running Pull-Up Jump Shot,3PT Field Goal,Above the Break 3,Center(C),24+ ft.,27,-72,267,1,1,20250102,GSW,PHI
Shot Chart Detail,0022400492,38,201939,Stephen Curry,1610612744,Golden State Warriors,1,7,34,Made Shot,Driving Layup Shot,2PT Field Goal,In The Paint (Non-RA),Left Side(L),8-16 ft.,8,-77,31,1,1,20250105,GSW,SAC
Shot Chart Detail,0022400492,60,201939,Stephen Curry,1610612744,Golden State Warriors,1,6,6,Missed Shot,Jump Shot,3PT Field Goal,Above the Break 3,Center(C),24+ ft.,26,-2,267,1,0,20250105,GSW,SAC
Shot Chart Detail,0022400492,89,201939,Stephen Curry,1610612744,Golden State Warriors,1,3,21,Made Shot,Jump Shot,3PT Field Goal,Right Corner 3,Right Side(R),24+ ft.,23,232,6,1,1,20250105,GSW,SAC
Shot Chart Detail,0022400492,168,201939,Stephen Curry,1610612744,Golden State Warriors,2,10,7,Made Shot,Cutting Layup Shot,2PT Field Goal,Restricted Area,Center(C),Less Than 8 ft.,3,31,13,1,1,20250105,GSW,SAC
Shot Chart Detail,0022400492,176,201939,Stephen Curry,1610612744,Golden State Warriors,2,9,44,Made Shot,Jump Shot,3PT Field Goal,Above the Break 3,Left Side Center(LC),24+ ft.,25,-190,172,1,1,20250105,GSW,SAC
Shot Chart Detail,0022400492,189,201939,Stephen Curry,1610612744,Golden State Warriors,2,8,50,Made Shot,Pullup Jump shot,3PT Field Goal,Above the Break 3,Center(C),24+ ft.,30,16,306,1,1,20250105,GSW,SAC
Shot Chart Detail,0022400492,292,201939,Stephen Curry,1610612744,Golden State Warriors,2,3,0,Made Shot,Step Back Jump shot,3PT Field Goal,Above the Break 3,Left Side Center(LC),24+ ft.,29,-184,235,1,1,20250105,GSW,SAC
Shot Chart Detail,0022400492,376,201939,Stephen Curry,1610612744,Golden State Warriors,3,9,27,Made Shot,Cutting Layup Shot,2PT Field Goal,In The Paint (Non-RA),Center(C),Less Than 8 ft.,6,67,11,1,1,20250105,GSW,SAC
Shot Chart Detail,0022400492,419,201939,Stephen Curry,1610612744,Golden State Warriors,3,6,0,Made Shot,Running Reverse Layup Shot,2PT Field Goal,In The Paint (Non-RA),Center(C),Less Than 8 ft.,4,-38,19,1,1,20250105,GSW,SAC
Shot Chart Detail,0022400492,425,201939,Stephen Curry,1610612744,Golden State Warriors,3,5,29,Missed Shot,Pullup Jump shot,3PT Field Goal,Above the Break 3,Right Side Center(RC),24+ ft.,25,85,242,1,0,20250105,GSW,SAC
Shot Chart Detail,0022400492,450,201939,Stephen Curry,1610612744,Golden State Warriors,3,4,10,Missed Shot,Jump Shot,3PT Field Goal,Above the Break 3,Center(C),24+ ft.,26,-16,269,1,0,20250105,GSW,SAC
Shot Chart Detail,0022400492,503,201939,Stephen Curry,1610612744,Golden State Warriors,3,0,35,Missed Shot,Pullup Jump shot,3PT Field Goal,Above the Break 3,Right Side Center(RC),24+ ft.,29,159,245,1,0,20250105,GSW,SAC
Shot Chart Detail,0022400508,21,201939,Stephen Curry,1610612744,Golden State Warriors,1,10,12,Missed Shot,Running Jump Shot,3PT Field Goal,Above the Break 3,Left Side Center(LC),24+ ft.,28,-184,218,1,0,20250107,GSW,MIA
Shot Chart Detail,0022400508,30,201939,Stephen Curry,1610612744,Golden State Warriors,1,9,29,Missed Shot,Jump Shot,3PT Field Goal,Above the Break 3,Left Side Center(LC),24+ ft.,31,-112,296,1,0,20250107,GSW,MIA
Shot Chart Detail,0022400508,47,201939,Stephen Curry,1610612744,Golden State Warriors,1,8,13,Missed Shot,Driving Floating Bank Jump Shot,2PT Field Goal,Mid-Range,Left Side(L),8-16 ft.,15,-115,102,1,0,20250107,GSW,MIA
Shot Chart Detail,0022400508,58,201939,Stephen Curry,1610612744,Golden State Warriors,1,7,16,Made Shot,Jump Shot,3PT Field Goal,Above the Break 3,Center(C),24+ ft.,26,42,259,1,1,20250107,GSW,MIA
Shot Chart Detail,0022400508,82,201939,Stephen Curry,1610612744,Golden State Warriors,1,6,28,Made Shot,Pullup Jump shot,2PT Field Goal,Mid-Range,Right Side(R),16-24 ft.,17,146,105,1,1,20250107,GSW,MIA
Shot Chart Detail,0022400508,88,201939,Stephen Curry,1610612744,Golden State Warriors,1,6,0,Made Shot,Pullup Jump shot,3PT Field Goal,Above the Break 3,Left Side Center(LC),24+ ft.,27,-100,256,1,1,20250107,GSW,MIA
Shot Chart Detail,0022400508,141,201939,Stephen Curry,1610612744,Golden State Warriors,1,2,54,Missed Shot,Jump Shot,3PT Field Goal,Above the Break 3,Right Side Center(RC),24+ ft.,26,135,232,1,0,20250107,GSW,MIA
Shot Chart Detail,0022400508,212,201939,Stephen Curry,1610612744,Golden State Warriors,2,10,23,Made Shot,Jump Shot,3PT Field Goal,Above the Break 3,Right Side Center(RC),24+ ft.,28,178,221,1,1,20250107,GSW,MIA
Shot Chart Detail,0022400508,218,201939,Stephen Curry,1610612744,Golden State Warriors,2,9,51,Made Shot,Pullup Jump shot,3PT Field Goal,Above the Break 3,Left Side Center(LC),24+ ft.,26,-172,205,1,1,20250107,GSW,MIA
Shot Chart Detail,0022400508,223,201939,Stephen Curry,1610612744,Golden State Warriors,2,9,24,Missed Shot,Jump Shot,3PT Field Goal,Left Corner 3,Left Side(L),24+ ft.,22,-228,5,1,0,20250107,GSW,MIA
Shot Chart Detail,0022400508,323,201939,Stephen Curry,1610612744,Golden State Warriors,2,1,43,Made Shot,Jump Shot,3PT Field Goal,Above the Break 3,Left Side Center(LC),24+ ft.,25,-120,230,1,1,20250107,GSW,MIA
Shot Chart Detail,0022400508,337,201939,Stephen Curry,1610612744,Golden State Warriors,2,0,11,Made Shot,Pullup Jump shot,3PT Field Goal,Above the Break 3,Center(C),24+ ft.,29,7,299,1,1,20250107,GSW,MIA
Shot Chart Detail,0022400508,353,201939,Stephen Curry,1610612744,Golden State Warriors,3,11,46,Missed Shot,Jump Shot,3PT Field Goal,Above the Break 3,Right Side Center(RC),24+ ft.,29,115,271,1,0,20250107,GSW,MIA
Shot Chart Detail,0022400508,379,201939,Stephen Curry,1610612744,Golden State Warriors,3,9,19,Missed Shot,Running Layup Shot,2PT Field Goal,In The Paint (Non-RA),Center(C),Less Than 8 ft.,5,-44,31,1,0,20250107,GSW,MIA
Shot Chart Detail,0022400508,393,201939,Stephen Curry,1610612744,Golden State Warriors,3,7,15,Missed Shot,Jump Shot,3PT Field Goal,Above the Break 3,Left Side Center(LC),24+ ft.,26,-164,203,1,0,20250107,GSW,MIA
Shot Chart Detail,0022400508,425,201939,Stephen Curry,1610612744,Golden State Warriors,3,4,24,Made Shot,Jump Shot,3PT Field Goal,Left Corner 3,Left Side(L),24+ ft.,24,-234,87,1,1,20250107,GSW,MIA
Shot Chart Detail,0022400508,506,201939,Stephen Curry,1610612744,Golden State Warriors,4,11,32,Made Shot,Step Back Jump shot,3PT Field Goal,Above the Break 3,Center(C),24+ ft.,25,-76,240,1,1,20250107,GSW,MIA
Shot Chart Detail,0022400508,516,201939,Stephen Curry,1610612744,Golden State Warriors,4,9,54,Made Shot,Driving Layup Shot,2PT Field Goal,Restricted Area,Center(C),Less Than 8 ft.,3,-29,20,1,1,20250107,GSW,MIA
Shot Chart Detail,0022400508,527,201939,Stephen Curry,1610612744,Golden State Warriors,4,9,27,Missed Shot,Jump Shot,3PT Field Goal,Above the Break 3,Right Side Center(RC),24+ ft.,36,208,300,1,0,20250107,GSW,MIA
Shot Chart Detail,0022400508,539,201939,Stephen Curry,1610612744,Golden State Warriors,4,8,26,Missed Shot,Pullup Jump shot,3PT Field Goal,Above the Break 3,Center(C),24+ ft.,31,59,313,1,0,20250107,GSW,MIA
Shot Chart Detail,0022400508,556,201939,Stephen Curry,1610612744,Golden State Warriors,4,7,26,Made Shot,Driving Floating Bank Jump Shot,2PT Field Goal,Mid-Range,Left Side(L),8-16 ft.,11,-100,57,1,1,20250107,GSW,MIA
Shot Chart Detail,0022400508,592,201939,Stephen Curry,1610612744,Golden State Warriors,4,4,56,Missed Shot,Jump Shot,3PT Field Goal,Above the Break 3,Right Side Center(RC),24+ ft.,31,181,263,1,0,20250107,GSW,MIA
Shot Chart Detail,0022400518,47,201939,Stephen Curry,1610612744,Golden State Warriors,1,7,37,Made Shot,Driving Floating Bank Jump Shot,2PT Field Goal,In The Paint (Non-RA),Center(C),Less Than 8 ft.,7,74,16,1,1,20250109,DET,GSW
Shot Chart Detail,0022400518,50,201939,Stephen Curry,1610612744,Golden State Warriors,1,7,15,Missed Shot,Running Pull-Up Jump Shot,3PT Field Goal,Above the Break 3,Center(C),24+ ft.,27,-4,272,1,0,20250109,DET,GSW
Shot Chart Detail,0022400518,74,201939,Stephen Curry,1610612744,Golden State Warriors,1,5,29,Missed Shot,Jump Shot,3PT Field Goal,Above the Break 3,Left Side Center(LC),24+ ft.,26,-178,201,1,0,20250109,DET,GSW
Shot Chart Detail,0022400518,93,201939,Stephen Curry,1610612744,Golden State Warriors,1,4,16,Made Shot,Running Finger Roll Layup Shot,2PT Field Goal,Restricted Area,Center(C),Less Than 8 ft.,3,25,21,1,1,20250109,DET,GSW
Shot Chart Detail,0022400518,116,201939,Stephen Curry,1610612744,Golden State Warriors,1,3,11,Made Shot,Step Back Jump shot,2PT Field Goal,Mid-Range,Center(C),16-24 ft.,21,51,211,1,1,20250109,DET,GSW
Shot Chart Detail,0022400518,119,201939,Stephen Curry,1610612744,Golden State Warriors,1,2,48,Missed Shot,Jump Shot,3PT Field Goal,Above the Break 3,Left Side Center(LC),24+ ft.,26,-212,160,1,0,20250109,DET,GSW
Shot Chart Detail,0022400518,173,201939,Stephen Curry,1610612744,Golden State Warriors,2,11,42,Made Shot,Pullup Jump shot,3PT Field Goal,Above the Break 3,Center(C),24+ ft.,28,61,277,1,1,20250109,DET,GSW
Shot Chart Detail,0022400518,189,201939,Stephen Curry,1610612744,Golden State Warriors,2,10,2,Missed Shot,Driving Layup Shot,2PT Field Goal,In The Paint (Non-RA),Center(C),Less Than 8 ft.,6,-62,21,1,0,20250109,DET,GSW
Shot Chart Detail,0022400518,209,201939,Stephen Curry,1610612744,Golden State Warriors,2,8,25,Missed Shot,Fadeaway Jump Shot,2PT Field Goal,Mid-Range,Left Side(L),8-16 ft.,11,-114,-1,1,0,20250109,DET,GSW
Shot Chart Detail,0022400518,321,201939,Stephen Curry,1610612744,Golden State Warriors,2,1,22,Missed Shot,Pullup Jump shot,3PT Field Goal,Above the Break 3,Right Side Center(RC),24+ ft.,27,143,235,1,0,20250109,DET,GSW
Shot Chart Detail,0022400518,333,201939,Stephen Curry,1610612744,Golden State Warriors,2,0,6,Missed Shot,Step Back Jump shot,3PT Field Goal,Above the Break 3,Right Side Center(RC),24+ ft.,28,123,256,1,0,20250109,DET,GSW
Shot Chart Detail,0022400518,384,201939,Stephen Curry,1610612744,Golden State Warriors,3,9,1,Missed Shot,Jump Shot,3PT Field Goal,Left Corner 3,Left Side(L),24+ ft.,25,-244,74,1,0,20250109,DET,GSW
Shot Chart Detail,0022400518,398,201939,Stephen Curry,1610612744,Golden State Warriors,3,7,15,Missed Shot,Jump Shot,3PT Field Goal,Above the Break 3,Right Side Center(RC),24+ ft.,27,227,148,1,0,20250109,DET,GSW
Shot Chart Detail,0022400518,420,201939,Stephen Curry,1610612744,Golden State Warriors,3,5,38,Missed Shot,Pullup Jump shot,3PT Field Goal,Above the Break 3,Left Side Center(LC),24+ ft.,27,-88,258,1,0,20250109,DET,GSW
Shot Chart Detail,0022400518,452,201939,Stephen Curry,1610612744,Golden State Warriors,3,3,57,Missed Shot,Jump Shot,3PT Field Goal,Right Corner 3,Right Side(R),24+ ft.,24,237,58,1,0,20250109,DET,GSW
Shot Chart Detail,0022400518,477,201939,Stephen Curry,1610612744,Golden State Warriors,3,1,27,Missed Shot,Running Jump Shot,3PT Field Goal,Above the Break 3,Right Side Center(RC),24+ ft.,25,233,101,1,0,20250109,DET,GSW
Shot Chart Detail,0022400518,529,201939,Stephen Curry,1610612744,Golden State Warriors,4,10,24,Missed Shot,Running Finger Roll Layup Shot,2PT Field Goal,In The Paint (Non-RA),Center(C),Less Than 8 ft.,7,74,15,1,0,20250109,DET,GSW
Shot Chart Detail,0022400518,602,201939,Stephen Curry,1610612744,Golden State Warriors,4,6,13,Made Shot,Jump Shot,3PT Field Goal,Above the Break 3,Left Side Center(LC),24+ ft.,27,-103,252,1,1,20250109,DET,GSW
Shot Chart Detail,0022400518,620,201939,Stephen Curry,1610612744,Golden State Warriors,4,4,58,Missed Shot,Pullup Jump shot,3PT Field Goal,Above the Break 3,Left Side Center(LC),24+ ft.,27,-94,255,1,0,20250109,DET,GSW
Shot Chart Detail,0022400518,625,201939,Stephen Curry,1610612744,Golden State Warriors,4,4,27,Missed Shot,Jump Shot,3PT Field Goal,Left Corner 3,Left Side(L),24+ ft.,24,-237,69,1,0,20250109,DET,GSW
Shot Chart Detail,0022400518,641,201939,Stephen Curry,1610612744,Golden State Warriors,4,3,33,Missed Shot,Pullup Jump shot,2PT Field Goal,In The Paint (Non-RA),Center(C),8-16 ft.,12,4,126,1,0,20250109,DET,GSW
Shot Chart Detail,0022400550,47,201939,Stephen Curry,1610612744,Golden State Warriors,1,7,47,Made Shot,Jump Shot,3PT Field Goal,Above the Break 3,Center(C),24+ ft.,29,-39,296,1,1,20250113,TOR,GSW
Shot Chart Detail,0022400550,56,201939,Stephen Curry,1610612744,Golden State Warriors,1,7,3,Missed Shot,Pullup Jump shot,2PT Field Goal,Mid-Range,Right Side(R),8-16 ft.,12,126,15,1,0,20250113,TOR,GSW
Shot Chart Detail,0022400550,70,201939,Stephen Curry,1610612744,Golden State Warriors,1,5,54,Missed Shot,Jump Shot,3PT Field Goal,Above the Break 3,Center(C),24+ ft.,27,-55,274,1,0,20250113,TOR,GSW
Shot Chart Detail,0022400550,88,201939,Stephen Curry,1610612744,Golden State Warriors,1,4,38,Missed Shot,Driving Finger Roll Layup Shot,2PT Field Goal,In The Paint (Non-RA),Center(C),Less Than 8 ft.,6,-53,36,1,0,20250113,TOR,GSW
Shot Chart Detail,0022400550,93,201939,Stephen Curry,1610612744,Golden State Warriors,1,4,6,Made Shot,Step Back Jump shot,3PT Field Goal,Above the Break 3,Left Side Center(LC),24+ ft.,26,-196,172,1,1,20250113,TOR,GSW
Shot Chart Detail,0022400550,122,201939,Stephen Curry,1610612744,Golden State Warriors,1,2,29,Missed Shot,Jump Shot,3PT Field Goal,Above the Break 3,Right Side Center(RC),24+ ft.,26,141,225,1,0,20250113,TOR,GSW
Shot Chart Detail,0022400550,130,201939,Stephen Curry,1610612744,Golden State Warriors,1,1,45,Missed Shot,Pullup Jump shot,3PT Field Goal,Above the Break 3,Center(C),24+ ft.,25,10,253,1,0,20250113,TOR,GSW
Shot Chart Detail,0022400550,263,201939,Stephen Curry,1610612744,Golden State Warriors,2,5,8,Made Shot,Driving Floating Jump Shot,2PT Field Goal,Mid-Range,Left Side(L),8-16 ft.,14,-116,90,1,1,20250113,TOR,GSW
Shot Chart Detail,0022400550,305,201939,Stephen Curry,1610612744,Golden State Warriors,2,1,48,Made Shot,Running Pull-Up Jump Shot,3PT Field Goal,Above the Break 3,Center(C),24+ ft.,35,-82,341,1,1,20250113,TOR,GSW
Shot Chart Detail,0022400550,320,201939,Stephen Curry,1610612744,Golden State Warriors,2,0,30,Missed Shot,Pullup Jump shot,3PT Field Goal,Above the Break 3,Center(C),24+ ft.,28,-56,281,1,0,20250113,TOR,GSW
Shot Chart Detail,0022400550,354,201939,Stephen Curry,1610612744,Golden State Warriors,3,11,22,Made Shot,Cutting Finger Roll Layup Shot,2PT Field Goal,Restricted Area,Center(C),Less Than 8 ft.,1,0,13,1,1,20250113,TOR,GSW
Shot Chart Detail,0022400550,424,201939,Stephen Curry,1610612744,Golden State Warriors,3,5,52,Made Shot,Turnaround Jump Shot,2PT Field Goal,Mid-Range,Center(C),16-24 ft.,16,10,162,1,1,20250113,TOR,GSW
Shot Chart Detail,0022400550,441,201939,Stephen Curry,1610612744,Golden State Warriors,3,4,55,Missed Shot,Step Back Jump shot,3PT Field Goal,Above the Break 3,Right Side Center(RC),24+ ft.,24,142,205,1,0,20250113,TOR,GSW
Shot Chart Detail,0022400550,452,201939,Stephen Curry,1610612744,Golden State Warriors,3,4,13,Made Shot,Turnaround Jump Shot,2PT Field Goal,Mid-Range,Right Side Center(RC),16-24 ft.,17,107,140,1,1,20250113,TOR,GSW
Shot Chart Detail,0022400550,540,201939,Stephen Curry,1610612744,Golden State Warriors,4,10,59,Made Shot,Running Pull-Up Jump Shot,2PT Field Goal,In The Paint (Non-RA),Center(C),Less Than 8 ft.,6,-15,66,1,1,20250113,TOR,GSW
Shot Chart Detail,0022400550,627,201939,Stephen Curry,1610612744,Golden State Warriors,4,4,22,Made Shot,Jump Shot,3PT Field Goal,Above the Break 3,Center(C),24+ ft.,27,37,272,1,1,20250113,TOR,GSW
Shot Chart Detail,0022400550,667,201939,Stephen Curry,1610612744,Golden State Warriors,4,0,44,Missed Shot,Running Pull-Up Jump Shot,3PT Field Goal,Above the Break 3,Left Side Center(LC),24+ ft.,25,-172,183,1,0,20250113,TOR,GSW
Shot Chart Detail,0022400565,39,201939,Stephen Curry,1610612744,Golden State Warriors,1,8,26,Made Shot,Jump Shot,3PT Field Goal,Above the Break 3,Left Side Center(LC),24+ ft.,24,-218,109,1,1,20250115,MIN,GSW
Shot Chart Detail,0022400565,48,201939,Stephen Curry,1610612744,Golden State Warriors,1,7,18,Missed Shot,Driving Floating Jump Shot,2PT Field Goal,In The Paint (Non-RA),Center(C),8-16 ft.,13,42,129,1,0,20250115,MIN,GSW
Shot Chart Detail,0022400565,50,201939,Stephen Curry,1610612744,Golden State Warriors,1,7,10,Missed Shot,Driving Layup Shot,2PT Field Goal,Restricted Area,Center(C),Less Than 8 ft.,0,2,9,1,0,20250115,MIN,GSW
Shot Chart Detail,0022400565,78,201939,Stephen Curry,1610612744,Golden State Warriors,1,5,30,Made Shot,Pullup Jump shot,3PT Field Goal,Above the Break 3,Right Side Center(RC),24+ ft.,29,157,245,1,1,20250115,MIN,GSW
Shot Chart Detail,0022400565,102,201939,Stephen Curry,1610612744,Golden State Warriors,1,3,44,Made Shot,Step Back Jump shot,3PT Field Goal,Above the Break 3,Right Side Center(RC),24+ ft.,25,145,204,1,1,20250115,MIN,GSW
Shot Chart Detail,0022400565,109,201939,Stephen Curry,1610612744,Golden State Warriors,1,2,55,Made Shot,Jump Shot,3PT Field Goal,Above the Break 3,Right Side Center(RC),24+ ft.,25,115,232,1,1,20250115,MIN,GSW
Shot Chart Detail,0022400565,156,201939,Stephen Curry,1610612744,Golden State Warriors,2,11,50,Missed Shot,Jump Shot,3PT Field Goal,Above the Break 3,Right Side Center(RC),24+ ft.,25,188,169,1,0,20250115,MIN,GSW
Shot Chart Detail,0022400565,187,201939,Stephen Curry,1610612744,Golden State Warriors,2,9,17,Missed Shot,Jump Shot,3PT Field Goal,Above the Break 3,Center(C),24+ ft.,25,-43,251,1,0,20250115,MIN,GSW
Shot Chart Detail,0022400565,208,201939,Stephen Curry,1610612744,Golden State Warriors,2,7,58,Missed Shot,Pullup Jump shot,2PT Field Goal,Mid-Range,Right Side Center(RC),16-24 ft.,20,156,138,1,0,20250115,MIN,GSW
Shot Chart Detail,0022400565,276,201939,Stephen Curry,1610612744,Golden State Warriors,2,2,27,Missed Shot,Driving Layup Shot,2PT Field Goal,Restricted Area,Center(C),Less Than 8 ft.,1,1,15,1,0,20250115,MIN,GSW
Shot Chart Detail,0022400565,291,201939,Stephen Curry,1610612744,Golden State Warriors,2,1,5,Made Shot,Driving Finger Roll Layup Shot,2PT Field Goal,Restricted Area,Center(C),Less Than 8 ft.,3,1,32,1,1,20250115,MIN,GSW
Shot Chart Detail,0022400565,301,201939,Stephen Curry,1610612744,Golden State Warriors,2,0,32,Missed Shot,Jump Shot,3PT Field Goal,Above the Break 3,Right Side Center(RC),24+ ft.,29,138,257,1,0,20250115,MIN,GSW
Shot Chart Detail,0022400565,339,201939,Stephen Curry,1610612744,Golden State Warriors,3,9,43,Made Shot,Driving Layup Shot,2PT Field Goal,Restricted Area,Center(C),Less Than 8 ft.,1,0,13,1,1,20250115,MIN,GSW
Shot Chart Detail,0022400565,391,201939,Stephen Curry,1610612744,Golden State Warriors,3,6,26,Made Shot,Step Back Jump shot,3PT Field Goal,Above the Break 3,Right Side Center(RC),24+ ft.,24,199,151,1,1,20250115,MIN,GSW
Shot Chart Detail,0022400565,426,201939,Stephen Curry,1610612744,Golden State Warriors,3,4,29,Missed Shot,Turnaround Jump Shot,3PT Field Goal,Above the Break 3,Right Side Center(RC),24+ ft.,25,228,120,1,0,20250115,MIN,GSW
Shot Chart Detail,0022400565,431,201939,Stephen Curry,1610612744,Golden State Warriors,3,3,44,Made Shot,Driving Finger Roll Layup Shot,2PT Field Goal,In The Paint (Non-RA),Center(C),8-16 ft.,11,-1,112,1,1,20250115,MIN,GSW
Shot Chart Detail,0022400565,536,201939,Stephen Curry,1610612744,Golden State Warriors,4,9,8,Missed Shot,Floating Jump shot,2PT Field Goal,In The Paint (Non-RA),Center(C),8-16 ft.,10,34,101,1,0,20250115,MIN,GSW
Shot Chart Detail,0022400565,543,201939,Stephen Curry,1610612744,Golden State Warriors,4,8,31,Missed Shot,Driving Finger Roll Layup Shot,2PT Field Goal,In The Paint (Non-RA),Left Side(L),8-16 ft.,8,-62,60,1,0,20250115,MIN,GSW
Shot Chart Detail,0022400565,624,201939,Stephen Curry,1610612744,Golden State Warriors,4,2,36,Made Shot,Pullup Jump shot,3PT Field Goal,Left Corner 3,Left Side(L),24+ ft.,23,-224,64,1,1,20250115,MIN,GSW
Shot Chart Detail,0022400565,629,201939,Stephen Curry,1610612744,Golden State Warriors,4,1,49,Missed Shot,Jump Shot,3PT Field Goal,Above the Break 3,Left Side Center(LC),24+ ft.,24,-184,169,1,0,20250115,MIN,GSW
Shot Chart Detail,0022400565,640,201939,Stephen Curry,1610612744,Golden State Warriors,4,0,47,Made Shot,Step Back Jump shot,3PT Field Goal,Left Corner 3,Left Side(L),24+ ft.,23,-229,33,1,1,20250115,MIN,GSW
Shot Chart Detail,0022400589,82,201939,Stephen Curry,1610612744,Golden State Warriors,1,5,51,Missed Shot,Step Back Jump shot,3PT Field Goal,Above the Break 3,Left Side Center(LC),24+ ft.,26,-181,195,1,0,20250118,GSW,WAS
Shot Chart Detail,0022400589,104,201939,Stephen Curry,1610612744,Golden State Warriors,1,4,42,Missed Shot,Fadeaway Jump Shot,3PT Field Goal,Above the Break 3,Right Side Center(RC),24+ ft.,25,224,126,1,0,20250118,GSW,WAS
Shot Chart Detail,0022400589,108,201939,Stephen Curry,1610612744,Golden State Warriors,1,4,31,Made Shot,Jump Shot,3PT Field Goal,Right Corner 3,Right Side(R),24+ ft.,23,230,29,1,1,20250118,GSW,WAS
Shot Chart Detail,0022400589,120,201939,Stephen Curry,1610612744,Golden State Warriors,1,3,13,Missed Shot,Driving Floating Jump Shot,2PT Field Goal,In The Paint (Non-RA),Center(C),8-16 ft.,10,-26,101,1,0,20250118,GSW,WAS
Shot Chart Detail,0022400589,202,201939,Stephen Curry,1610612744,Golden State Warriors,2,10,58,Made Shot,Jump Shot,3PT Field Goal,Above the Break 3,Center(C),24+ ft.,29,-52,291,1,1,20250118,GSW,WAS
Shot Chart Detail,0022400589,212,201939,Stephen Curry,1610612744,Golden State Warriors,2,10,1,Made Shot,Running Layup Shot,2PT Field Goal,In The Paint (Non-RA),Center(C),Less Than 8 ft.,4,42,12,1,1,20250118,GSW,WAS
Shot Chart Detail,0022400589,295,201939,Stephen Curry,1610612744,Golden State Warriors,2,3,36,Missed Shot,Step Back Jump shot,3PT Field Goal,Above the Break 3,Center(C),24+ ft.,27,-65,270,1,0,20250118,GSW,WAS
Shot Chart Detail,0022400589,316,201939,Stephen Curry,1610612744,Golden State Warriors,2,2,18,Missed Shot,Driving Finger Roll Layup Shot,2PT Field Goal,In The Paint (Non-RA),Center(C),Less Than 8 ft.,5,-39,33,1,0,20250118,GSW,WAS
Shot Chart Detail,0022400589,321,201939,Stephen Curry,1610612744,Golden State Warriors,2,1,56,Made Shot,Cutting Layup Shot,2PT Field Goal,Restricted Area,Center(C),Less Than 8 ft.,2,21,13,1,1,20250118,GSW,WAS
Shot Chart Detail,0022400589,328,201939,Stephen Curry,1610612744,Golden State Warriors,2,1,15,Missed Shot,Fadeaway Jump Shot,3PT Field Goal,Left Corner 3,Left Side(L),24+ ft.,22,-224,46,1,0,20250118,GSW,WAS
Shot Chart Detail,0022400589,335,201939,Stephen Curry,1610612744,Golden State Warriors,2,0,42,Made Shot,Jump Shot,3PT Field Goal,Above the Break 3,Left Side Center(LC),24+ ft.,24,-219,117,1,1,20250118,GSW,WAS
Shot Chart Detail,0022400589,339,201939,Stephen Curry,1610612744,Golden State Warriors,2,0,12,Missed Shot,Step Back Jump shot,3PT Field Goal,Above the Break 3,Left Side Center(LC),24+ ft.,26,-216,148,1,0,20250118,GSW,WAS
Shot Chart Detail,0022400589,343,201939,Stephen Curry,1610612744,Golden State Warriors,2,0,0,Missed Shot,Pullup Jump shot,3PT Field Goal,Backcourt,Back Court(BC),Back Court Shot,64,-206,606,1,0,20250118,GSW,WAS
Shot Chart Detail,0022400589,379,201939,Stephen Curry,1610612744,Golden State Warriors,3,8,46,Made Shot,Driving Reverse Layup Shot,2PT Field Goal,Restricted Area,Center(C),Less Than 8 ft.,3,-29,11,1,1,20250118,GSW,WAS
Shot Chart Detail,0022400589,412,201939,Stephen Curry,1610612744,Golden State Warriors,3,6,23,Missed Shot,Jump Shot,3PT Field Goal,Above the Break 3,Right Side Center(RC),24+ ft.,27,104,253,1,0,20250118,GSW,WAS
Shot Chart Detail,0022400589,456,201939,Stephen Curry,1610612744,Golden State Warriors,3,3,30,Made Shot,Driving Layup Shot,2PT Field Goal,Restricted Area,Center(C),Less Than 8 ft.,3,27,16,1,1,20250118,GSW,WAS
Shot Chart Detail,0022400589,577,201939,Stephen Curry,1610612744,Golden State Warriors,4,7,37,Made Shot,Driving Layup Shot,2PT Field Goal,In The Paint (Non-RA),Center(C),Less Than 8 ft.,4,40,22,1,1,20250118,GSW,WAS
Shot Chart Detail,0022400589,615,201939,Stephen Curry,1610612744,Golden State Warriors,4,5,43,Missed Shot,Running Pull-Up Jump Shot,3PT Field Goal,Above the Break 3,Right Side Center(RC),24+ ft.,26,130,234,1,0,20250118,GSW,WAS
Shot Chart Detail,0022400589,618,201939,Stephen Curry,1610612744,Golden State Warriors,4,5,4,Missed Shot,Pullup Jump shot,3PT Field Goal,Above the Break 3,Right Side Center(RC),24+ ft.,28,125,257,1,0,20250118,GSW,WAS
Shot Chart Detail,0022400589,663,201939,Stephen Curry,1610612744,Golden State Warriors,4,2,57,Made Shot,Driving Layup Shot,2PT Field Goal,In The Paint (Non-RA),Center(C),Less Than 8 ft.,5,42,36,1,1,20250118,GSW,WAS
Shot Chart Detail,0022400589,666,201939,Stephen Curry,1610612744,Golden State Warriors,4,2,30,Made Shot,Pullup Jump shot,3PT Field Goal,Above the Break 3,Left Side Center(LC),24+ ft.,25,-124,224,1,1,20250118,GSW,WAS
Shot Chart Detail,0022400589,673,201939,Stephen Curry,1610612744,Golden State Warriors,4,1,49,Missed Shot,Step Back Jump shot,3PT Field Goal,Above the Break 3,Right Side Center(RC),24+ ft.,28,199,197,1,0,20250118,GSW,WAS
Shot Chart Detail,0022400604,50,201939,Stephen Curry,1610612744,Golden State Warriors,1,7,54,Missed Shot,Jump Shot,3PT Field Goal,Above the Break 3,Left Side Center(LC),24+ ft.,28,-121,262,1,0,20250120,GSW,BOS
Shot Chart Detail,0022400604,59,201939,Stephen Curry,1610612744,Golden State Warriors,1,7,33,Missed Shot,Pullup Jump shot,3PT Field Goal,Above the Break 3,Right Side Center(RC),24+ ft.,26,142,222,1,0,20250120,GSW,BOS
Shot Chart Detail,0022400604,65,201939,Stephen Curry,1610612744,Golden State Warriors,1,7,5,Made Shot,Jump Shot,3PT Field Goal,Above the Break 3,Left Side Center(LC),24+ ft.,30,-200,227,1,1,20250120,GSW,BOS
Shot Chart Detail,0022400604,107,201939,Stephen Curry,1610612744,Golden State Warriors,1,3,43,Missed Shot,Jump Shot,3PT Field Goal,Above the Break 3,Right Side Center(RC),24+ ft.,29,163,246,1,0,20250120,GSW,BOS
Shot Chart Detail,0022400604,285,201939,Stephen Curry,1610612744,Golden State Warriors,2,3,41,Missed Shot,Pullup Jump shot,3PT Field Goal,Above the Break 3,Right Side Center(RC),24+ ft.,27,170,216,1,0,20250120,GSW,BOS
Shot Chart Detail,0022400604,294,201939,Stephen Curry,1610612744,Golden State Warriors,2,2,56,Made Shot,Driving Finger Roll Layup Shot,2PT Field Goal,Mid-Range,Left Side(L),8-16 ft.,10,-96,38,1,1,20250120,GSW,BOS
Shot Chart Detail,0022400604,298,201939,Stephen Curry,1610612744,Golden State Warriors,2,2,25,Made Shot,Driving Layup Shot,2PT Field Goal,In The Paint (Non-RA),Center(C),Less Than 8 ft.,5,-47,32,1,1,20250120,GSW,BOS
Shot Chart Detail,0022400604,306,201939,Stephen Curry,1610612744,Golden State Warriors,2,1,33,Missed Shot,Pullup Jump shot,3PT Field Goal,Above the Break 3,Left Side Center(LC),24+ ft.,26,-176,197,1,0,20250120,GSW,BOS
Shot Chart Detail,0022400604,323,201939,Stephen Curry,1610612744,Golden State Warriors,2,0,23,Missed Shot,Jump Shot,3PT Field Goal,Above the Break 3,Center(C),24+ ft.,29,-83,281,1,0,20250120,GSW,BOS
Shot Chart Detail,0022400604,359,201939,Stephen Curry,1610612744,Golden State Warriors,3,10,52,Made Shot,Jump Shot,3PT Field Goal,Above the Break 3,Right Side Center(RC),24+ ft.,25,129,225,1,1,20250120,GSW,BOS
Shot Chart Detail,0022400604,370,201939,Stephen Curry,1610612744,Golden State Warriors,3,9,36,Missed Shot,Floating Jump shot,2PT Field Goal,Mid-Range,Center(C),8-16 ft.,15,-1,152,1,0,20250120,GSW,BOS
Shot Chart Detail,0022400604,409,201939,Stephen Curry,1610612744,Golden State Warriors,3,7,0,Missed Shot,Pullup Jump shot,3PT Field Goal,Above the Break 3,Right Side Center(RC),24+ ft.,29,174,241,1,0,20250120,GSW,BOS
Shot Chart Detail,0022400604,417,201939,Stephen Curry,1610612744,Golden State Warriors,3,6,16,Made Shot,Step Back Jump shot,3PT Field Goal,Above the Break 3,Left Side Center(LC),24+ ft.,25,-206,150,1,1,20250120,GSW,BOS
Shot Chart Detail,0022400604,444,201939,Stephen Curry,1610612744,Golden State Warriors,3,4,13,Missed Shot,Driving Layup Shot,2PT Field Goal,In The Paint (Non-RA),Center(C),Less Than 8 ft.,6,60,19,1,0,20250120,GSW,BOS
Shot Chart Detail,0022400604,461,201939,Stephen Curry,1610612744,Golden State Warriors,3,2,44,Made Shot,Pullup Jump shot,3PT Field Goal,Above the Break 3,Right Side Center(RC),24+ ft.,27,110,251,1,1,20250120,GSW,BOS
Shot Chart Detail,0022400604,464,201939,Stephen Curry,1610612744,Golden State Warriors,3,2,22,Missed Shot,Pullup Jump shot,3PT Field Goal,Above the Break 3,Right Side Center(RC),24+ ft.,27,205,188,1,0,20250120,GSW,BOS
Shot Chart Detail,0022400619,50,201939,Stephen Curry,1610612744,Golden State Warriors,1,7,32,Made Shot,Jump Shot,3PT Field Goal,Above the Break 3,Left Side Center(LC),24+ ft.,27,-89,256,1,1,20250122,SAC,GSW
Shot Chart Detail,0022400619,73,201939,Stephen Curry,1610612744,Golden State Warriors,1,5,24,Made Shot,Cutting Layup Shot,2PT Field Goal,Restricted Area,Center(C),Less Than 8 ft.,3,36,14,1,1,20250122,SAC,GSW
Shot Chart Detail,0022400619,280,201939,Stephen Curry,1610612744,Golden State Warriors,2,3,35,Missed Shot,Pullup Jump shot,3PT Field Goal,Above the Break 3,Right Side Center(RC),24+ ft.,26,214,153,1,0,20250122,SAC,GSW
Shot Chart Detail,0022400619,284,201939,Stephen Curry,1610612744,Golden State Warriors,2,3,21,Made Shot,Cutting Layup Shot,2PT Field Goal,In The Paint (Non-RA),Center(C),Less Than 8 ft.,5,-45,30,1,1,20250122,SAC,GSW
Shot Chart Detail,0022400619,313,201939,Stephen Curry,1610612744,Golden State Warriors,2,1,20,Made Shot,Driving Layup Shot,2PT Field Goal,In The Paint (Non-RA),Center(C),Less Than 8 ft.,5,38,38,1,1,20250122,SAC,GSW
Shot Chart Detail,0022400619,317,201939,Stephen Curry,1610612744,Golden State Warriors,2,0,56,Made Shot,Driving Floating Jump Shot,2PT Field Goal,In The Paint (Non-RA),Center(C),Less Than 8 ft.,7,-74,0,1,1,20250122,SAC,GSW
Shot Chart Detail,0022400619,508,201939,Stephen Curry,1610612744,Golden State Warriors,3,0,4,Missed Shot,Driving Floating Jump Shot,2PT Field Goal,Mid-Range,Center(C),8-16 ft.,15,9,157,1,0,20250122,SAC,GSW
Shot Chart Detail,0022400619,544,201939,Stephen Curry,1610612744,Golden State Warriors,4,10,22,Missed Shot,Driving Layup Shot,2PT Field Goal,Restricted Area,Center(C),Less Than 8 ft.,3,-9,38,1,0,20250122,SAC,GSW
Shot Chart Detail,0022400619,661,201939,Stephen Curry,1610612744,Golden State Warriors,4,1,35,Missed Shot,Pullup Jump shot,3PT Field Goal,Above the Break 3,Left Side Center(LC),24+ ft.,30,-169,259,1,0,20250122,SAC,GSW
Shot Chart Detail,0022400619,685,201939,Stephen Curry,1610612744,Golden State Warriors,4,0,40,Made Shot,Driving Layup Shot,2PT Field Goal,In The Paint (Non-RA),Center(C),Less Than 8 ft.,5,39,37,1,1,20250122,SAC,GSW
Shot Chart Detail,0022400619,693,201939,Stephen Curry,1610612744,Golden State Warriors,4,0,17,Missed Shot,Jump Shot,3PT Field Goal,Above the Break 3,Right Side Center(RC),24+ ft.,25,205,155,1,0,20250122,SAC,GSW
Shot Chart Detail,0022400628,68,201939,Stephen Curry,1610612744,Golden State Warriors,1,7,27,Missed Shot,Driving Floating Jump Shot,2PT Field Goal,In The Paint (Non-RA),Center(C),Less Than 8 ft.,7,5,78,1,0,20250123,GSW,CHI
Shot Chart Detail,0022400628,78,201939,Stephen Curry,1610612744,Golden State Warriors,1,6,54,Made Shot,Jump Shot,3PT Field Goal,Above the Break 3,Right Side Center(RC),24+ ft.,26,213,150,1,1,20250123,GSW,CHI
Shot Chart Detail,0022400628,95,201939,Stephen Curry,1610612744,Golden State Warriors,1,5,28,Missed Shot,Step Back Jump shot,2PT Field Goal,Mid-Range,Left Side Center(LC),16-24 ft.,19,-134,147,1,0,20250123,GSW,CHI
Shot Chart Detail,0022400628,120,201939,Stephen Curry,1610612744,Golden State Warriors,1,4,1,Missed Shot,Running Jump Shot,3PT Field Goal,Above the Break 3,Right Side Center(RC),24+ ft.,27,210,176,1,0,20250123,GSW,CHI
Shot Chart Detail,0022400628,182,201939,Stephen Curry,1610612744,Golden State Warriors,1,0,2,Missed Shot,Pullup Jump shot,3PT Field Goal,Backcourt,Back Court(BC),Back Court Shot,48,86,477,1,0,20250123,GSW,CHI
Shot Chart Detail,0022400628,199,201939,Stephen Curry,1610612744,Golden State Warriors,2,10,36,Made Shot,Jump Shot,3PT Field Goal,Above the Break 3,Right Side Center(RC),24+ ft.,29,124,263,1,1,20250123,GSW,CHI
Shot Chart Detail,0022400628,234,201939,Stephen Curry,1610612744,Golden State Warriors,2,7,58,Made Shot,Cutting Layup Shot,2PT Field Goal,Restricted Area,Center(C),Less Than 8 ft.,2,25,11,1,1,20250123,GSW,CHI
Shot Chart Detail,0022400628,299,201939,Stephen Curry,1610612744,Golden State Warriors,2,3,46,Missed Shot,Jump Shot,3PT Field Goal,Above the Break 3,Right Side Center(RC),24+ ft.,28,185,222,1,0,20250123,GSW,CHI
Shot Chart Detail,0022400628,316,201939,Stephen Curry,1610612744,Golden State Warriors,2,2,39,Made Shot,Step Back Jump shot,3PT Field Goal,Above the Break 3,Left Side Center(LC),24+ ft.,26,-199,173,1,1,20250123,GSW,CHI
Shot Chart Detail,0022400628,381,201939,Stephen Curry,1610612744,Golden State Warriors,3,9,21,Made Shot,Driving Floating Jump Shot,2PT Field Goal,In The Paint (Non-RA),Center(C),8-16 ft.,11,-44,107,1,1,20250123,GSW,CHI
Shot Chart Detail,0022400628,384,201939,Stephen Curry,1610612744,Golden State Warriors,3,9,6,Missed Shot,Running Pull-Up Jump Shot,3PT Field Goal,Above the Break 3,Right Side Center(RC),24+ ft.,27,110,249,1,0,20250123,GSW,CHI
Shot Chart Detail,0022400628,386,201939,Stephen Curry,1610612744,Golden State Warriors,3,9,2,Missed Shot,Jump Shot,3PT Field Goal,Above the Break 3,Center(C),24+ ft.,27,-23,272,1,0,20250123,GSW,CHI
Shot Chart Detail,0022400628,411,201939,Stephen Curry,1610612744,Golden State Warriors,3,7,6,Made Shot,Jump Shot,2PT Field Goal,Mid-Range,Right Side Center(RC),16-24 ft.,18,136,126,1,1,20250123,GSW,CHI
Shot Chart Detail,0022400628,443,201939,Stephen Curry,1610612744,Golden State Warriors,3,5,51,Missed Shot,Jump Shot,3PT Field Goal,Above the Break 3,Right Side Center(RC),24+ ft.,26,162,206,1,0,20250123,GSW,CHI
Shot Chart Detail,0022400628,445,201939,Stephen Curry,1610612744,Golden State Warriors,3,5,47,Made Shot,Jump Shot,3PT Field Goal,Above the Break 3,Right Side Center(RC),24+ ft.,26,180,197,1,1,20250123,GSW,CHI
Shot Chart Detail,0022400628,453,201939,Stephen Curry,1610612744,Golden State Warriors,3,5,17,Missed Shot,Pullup Jump shot,3PT Field Goal,Above the Break 3,Left Side Center(LC),24+ ft.,29,-214,200,1,0,20250123,GSW,CHI
Shot Chart Detail,0022400628,603,201939,Stephen Curry,1610612744,Golden State Warriors,4,7,59,Missed Shot,Step Back Jump shot,2PT Field Goal,Mid-Range,Left Side Center(LC),16-24 ft.,20,-158,123,1,0,20250123,GSW,CHI
Shot Chart Detail,0022400628,627,201939,Stephen Curry,1610612744,Golden State Warriors,4,6,18,Missed Shot,Driving Finger Roll Layup Shot,2PT Field Goal,In The Paint (Non-RA),Center(C),Less Than 8 ft.,7,-11,79,1,0,20250123,GSW,CHI
Shot Chart Detail,0022400628,640,201939,Stephen Curry,1610612744,Golden State Warriors,4,5,39,Made Shot,Jump Shot,3PT Field Goal,Above the Break 3,Right Side Center(RC),24+ ft.,26,225,133,1,1,20250123,GSW,CHI
Shot Chart Detail,0022400644,25,201939,Stephen Curry,1610612744,Golden State Warriors,1,10,0,Missed Shot,Jump Shot,3PT Field Goal,Right Corner 3,Right Side(R),24+ ft.,23,232,18,1,0,20250125,GSW,LAL
Shot Chart Detail,0022400644,33,201939,Stephen Curry,1610612744,Golden State Warriors,1,9,21,Made Shot,Pullup Jump shot,3PT Field Goal,Above the Break 3,Center(C),24+ ft.,29,-81,282,1,1,20250125,GSW,LAL
Shot Chart Detail,0022400644,36,201939,Stephen Curry,1610612744,Golden State Warriors,1,8,47,Missed Shot,Cutting Finger Roll Layup Shot,2PT Field Goal,In The Paint (Non-RA),Center(C),Less Than 8 ft.,5,-4,59,1,0,20250125,GSW,LAL
Shot Chart Detail,0022400644,50,201939,Stephen Curry,1610612744,Golden State Warriors,1,7,31,Made Shot,Jump Shot,3PT Field Goal,Above the Break 3,Left Side Center(LC),24+ ft.,26,-179,199,1,1,20250125,GSW,LAL
Shot Chart Detail,0022400644,54,201939,Stephen Curry,1610612744,Golden State Warriors,1,7,2,Missed Shot,Driving Reverse Layup Shot,2PT Field Goal,In The Paint (Non-RA),Center(C),Less Than 8 ft.,4,-40,8,1,0,20250125,GSW,LAL
Shot Chart Detail,0022400644,74,201939,Stephen Curry,1610612744,Golden State Warriors,1,5,22,Made Shot,Driving Layup Shot,2PT Field Goal,In The Paint (Non-RA),Center(C),Less Than 8 ft.,5,30,43,1,1,20250125,GSW,LAL
Shot Chart Detail,0022400644,89,201939,Stephen Curry,1610612744,Golden State Warriors,1,3,55,Missed Shot,Jump Shot,3PT Field Goal,Above the Break 3,Center(C),24+ ft.,27,-28,270,1,0,20250125,GSW,LAL
Shot Chart Detail,0022400644,97,201939,Stephen Curry,1610612744,Golden State Warriors,1,3,12,Missed Shot,Jump Shot,3PT Field Goal,Above the Break 3,Left Side Center(LC),24+ ft.,26,-196,183,1,0,20250125,GSW,LAL
Shot Chart Detail,0022400644,185,201939,Stephen Curry,1610612744,Golden State Warriors,2,10,0,Made Shot,Driving Layup Shot,2PT Field Goal,Mid-Range,Left Side(L),8-16 ft.,10,-91,54,1,1,20250125,GSW,LAL
Shot Chart Detail,0022400644,352,201939,Stephen Curry,1610612744,Golden State Warriors,3,10,35,Missed Shot,Driving Floating Bank Jump Shot,2PT Field Goal,Mid-Range,Right Side(R),8-16 ft.,11,96,63,1,0,20250125,GSW,LAL
Shot Chart Detail,0022400644,360,201939,Stephen Curry,1610612744,Golden State Warriors,3,9,56,Missed Shot,Pullup Jump shot,3PT Field Goal,Above the Break 3,Right Side Center(RC),24+ ft.,27,145,234,1,0,20250125,GSW,LAL
Shot Chart Detail,0022400644,402,201939,Stephen Curry,1610612744,Golden State Warriors,3,6,22,Missed Shot,Step Back Jump shot,2PT Field Goal,In The Paint (Non-RA),Center(C),8-16 ft.,11,17,117,1,0,20250125,GSW,LAL
Shot Chart Detail,0022400644,484,201939,Stephen Curry,1610612744,Golden State Warriors,4,11,31,Missed Shot,Driving Floating Jump Shot,2PT Field Goal,In The Paint (Non-RA),Center(C),8-16 ft.,8,42,77,1,0,20250125,GSW,LAL
Shot Chart Detail,0022400644,501,201939,Stephen Curry,1610612744,Golden State Warriors,4,9,43,Missed Shot,Pullup Jump shot,3PT Field Goal,Above the Break 3,Center(C),24+ ft.,26,-45,261,1,0,20250125,GSW,LAL
Shot Chart Detail,0022400644,518,201939,Stephen Curry,1610612744,Golden State Warriors,4,8,39,Missed Shot,Driving Finger Roll Layup Shot,2PT Field Goal,In The Paint (Non-RA),Center(C),Less Than 8 ft.,7,65,35,1,0,20250125,GSW,LAL
Shot Chart Detail,0022400644,577,201939,Stephen Curry,1610612744,Golden State Warriors,4,3,40,Missed Shot,Step Back Jump shot,3PT Field Goal,Above the Break 3,Left Side Center(LC),24+ ft.,26,-170,205,1,0,20250125,GSW,LAL
Shot Chart Detail,0022400644,596,201939,Stephen Curry,1610612744,Golden State Warriors,4,2,22,Missed Shot,Step Back Jump shot,3PT Field Goal,Above the Break 3,Right Side Center(RC),24+ ft.,26,109,239,1,0,20250125,GSW,LAL
Shot Chart Detail,0022400673,26,201939,Stephen Curry,1610612744,Golden State Warriors,1,10,34,Missed Shot,Jump Shot,3PT Field Goal,Above the Break 3,Right Side Center(RC),24+ ft.,31,120,292,1,0,20250129,GSW,OKC
Shot Chart Detail,0022400673,56,201939,Stephen Curry,1610612744,Golden State Warriors,1,7,42,Missed Shot,Cutting Layup Shot,2PT Field Goal,Restricted Area,Center(C),Less Than 8 ft.,3,29,14,1,0,20250129,GSW,OKC
Shot Chart Detail,0022400673,88,201939,Stephen Curry,1610612744,Golden State Warriors,1,5,4,Missed Shot,Driving Finger Roll Layup Shot,2PT Field Goal,In The Paint (Non-RA),Center(C),Less Than 8 ft.,4,6,41,1,0,20250129,GSW,OKC
Shot Chart Detail,0022400673,106,201939,Stephen Curry,1610612744,Golden State Warriors,1,4,9,Missed Shot,Pullup Jump shot,3PT Field Goal,Above the Break 3,Right Side Center(RC),24+ ft.,29,156,250,1,0,20250129,GSW,OKC
Shot Chart Detail,0022400673,109,201939,Stephen Curry,1610612744,Golden State Warriors,1,3,35,Missed Shot,Fadeaway Jump Shot,2PT Field Goal,Mid-Range,Right Side(R),16-24 ft.,19,185,59,1,0,20250129,GSW,OKC
Shot Chart Detail,0022400673,205,201939,Stephen Curry,1610612744,Golden State Warriors,2,10,46,Made Shot,Pullup Jump shot,2PT Field Goal,Mid-Range,Right Side Center(RC),16-24 ft.,19,115,155,1,1,20250129,GSW,OKC
Shot Chart Detail,0022400673,239,201939,Stephen Curry,1610612744,Golden State Warriors,2,8,15,Missed Shot,Driving Floating Bank Jump Shot,2PT Field Goal,Mid-Range,Left Side(L),8-16 ft.,11,-93,66,1,0,20250129,GSW,OKC
Shot Chart Detail,0022400673,444,201939,Stephen Curry,1610612744,Golden State Warriors,3,8,51,Made Shot,Step Back Jump shot,3PT Field Goal,Right Corner 3,Right Side(R),24+ ft.,23,233,7,1,1,20250129,GSW,OKC
Shot Chart Detail,0022400673,448,201939,Stephen Curry,1610612744,Golden State Warriors,3,8,26,Missed Shot,Running Pull-Up Jump Shot,3PT Field Goal,Above the Break 3,Center(C),24+ ft.,26,-33,263,1,0,20250129,GSW,OKC
Shot Chart Detail,0022400673,528,201939,Stephen Curry,1610612744,Golden State Warriors,3,3,10,Made Shot,Step Back Jump shot,3PT Field Goal,Above the Break 3,Left Side Center(LC),24+ ft.,27,-121,244,1,1,20250129,GSW,OKC
Shot Chart Detail,0022400673,603,201939,Stephen Curry,1610612744,Golden State Warriors,4,11,4,Made Shot,Jump Shot,3PT Field Goal,Above the Break 3,Left Side Center(LC),24+ ft.,31,-109,298,1,1,20250129,GSW,OKC
Shot Chart Detail,0022400673,622,201939,Stephen Curry,1610612744,Golden State Warriors,4,9,23,Made Shot,Jump Shot,3PT Field Goal,Above the Break 3,Left Side Center(LC),24+ ft.,33,-165,292,1,1,20250129,GSW,OKC
Shot Chart Detail,0022400673,625,201939,Stephen Curry,1610612744,Golden State Warriors,4,8,44,Missed Shot,Step Back Jump shot,3PT Field Goal,Above the Break 3,Left Side Center(LC),24+ ft.,29,-152,247,1,0,20250129,GSW,OKC
Shot Chart Detail,0022400673,726,201939,Stephen Curry,1610612744,Golden State Warriors,4,1,52,Made Shot,Pullup Jump shot,3PT Field Goal,Above the Break 3,Right Side Center(RC),24+ ft.,32,110,307,1,1,20250129,GSW,OKC
Shot Chart Detail,0022400673,753,201939,Stephen Curry,1610612744,Golden State Warriors,4,0,9,Missed Shot,Fadeaway Jump Shot,3PT Field Goal,Above the Break 3,Center(C),24+ ft.,28,-25,281,1,0,20250129,GSW,OKC
Shot Chart Detail,0022400685,96,201939,Stephen Curry,1610612744,Golden State Warriors,1,5,14,Missed Shot,Pullup Jump shot,3PT Field Goal,Above the Break 3,Center(C),24+ ft.,25,-28,255,1,0,20250131,GSW,PHX
Shot Chart Detail,0022400685,230,201939,Stephen Curry,1610612744,Golden State Warriors,2,7,38,Made Shot,Driving Finger Roll Layup Shot,2PT Field Goal,In The Paint (Non-RA),Center(C),Less Than 8 ft.,5,1,57,1,1,20250131,GSW,PHX
Shot Chart Detail,0022400685,240,201939,Stephen Curry,1610612744,Golden State Warriors,2,7,15,Missed Shot,Driving Layup Shot,2PT Field Goal,Restricted Area,Center(C),Less Than 8 ft.,3,28,11,1,0,20250131,GSW,PHX
Shot Chart Detail,0022400685,315,201939,Stephen Curry,1610612744,Golden State Warriors,2,1,34,Missed Shot,Jump Shot,3PT Field Goal,Above the Break 3,Right Side Center(RC),24+ ft.,30,192,234,1,0,20250131,GSW,PHX
Shot Chart Detail,0022400685,321,201939,Stephen Curry,1610612744,Golden State Warriors,2,1,11,Missed Shot,Turnaround Jump Shot,2PT Field Goal,In The Paint (Non-RA),Center(C),8-16 ft.,13,55,120,1,0,20250131,GSW,PHX
Shot Chart Detail,0022400685,355,201939,Stephen Curry,1610612744,Golden State Warriors,3,11,12,Made Shot,Step Back Jump shot,2PT Field Goal,Mid-Range,Left Side(L),16-24 ft.,19,-186,46,1,1,20250131,GSW,PHX
Shot Chart Detail,0022400685,359,201939,Stephen Curry,1610612744,Golden State Warriors,3,10,36,Made Shot,Step Back Jump shot,2PT Field Goal,Mid-Range,Right Side(R),8-16 ft.,15,113,106,1,1,20250131,GSW,PHX
Shot Chart Detail,0022400685,361,201939,Stephen Curry,1610612744,Golden State Warriors,3,10,13,Missed Shot,Driving Finger Roll Layup Shot,2PT Field Goal,In The Paint (Non-RA),Right Side(R),8-16 ft.,8,66,48,1,0,20250131,GSW,PHX
Shot Chart Detail,0022400685,390,201939,Stephen Curry,1610612744,Golden State Warriors,3,8,21,Missed Shot,Pullup Jump shot,3PT Field Goal,Above the Break 3,Center(C),24+ ft.,31,-64,310,1,0,20250131,GSW,PHX
Shot Chart Detail,0022400685,420,201939,Stephen Curry,1610612744,Golden State Warriors,3,6,12,Missed Shot,Step Back Jump shot,3PT Field Goal,Above the Break 3,Right Side Center(RC),24+ ft.,26,108,247,1,0,20250131,GSW,PHX
Shot Chart Detail,0022400685,541,201939,Stephen Curry,1610612744,Golden State Warriors,4,11,12,Made Shot,Jump Shot,3PT Field Goal,Above the Break 3,Left Side Center(LC),24+ ft.,30,-154,268,1,1,20250131,GSW,PHX
Shot Chart Detail,0022400685,557,201939,Stephen Curry,1610612744,Golden State Warriors,4,9,19,Made Shot,Driving Layup Shot,2PT Field Goal,In The Paint (Non-RA),Center(C),Less Than 8 ft.,5,-44,28,1,1,20250131,GSW,PHX
Shot Chart Detail,0022400685,582,201939,Stephen Curry,1610612744,Golden State Warriors,4,7,48,Missed Shot,Step Back Jump shot,2PT Field Goal,Mid-Range,Center(C),16-24 ft.,20,4,202,1,0,20250131,GSW,PHX
Shot Chart Detail,0022400685,623,201939,Stephen Curry,1610612744,Golden State Warriors,4,6,8,Missed Shot,Jump Shot,3PT Field Goal,Left Corner 3,Left Side(L),24+ ft.,23,-235,4,1,0,20250131,GSW,PHX
Shot Chart Detail,0022400708,13,201939,Stephen Curry,1610612744,Golden State Warriors,1,11,6,Missed Shot,Running Pull-Up Jump Shot,3PT Field Goal,Above the Break 3,Left Side Center(LC),24+ ft.,27,-205,182,1,0,20250203,GSW,ORL
Shot Chart Detail,0022400708,43,201939,Stephen Curry,1610612744,Golden State Warriors,1,8,8,Made Shot,Driving Finger Roll Layup Shot,2PT Field Goal,Mid-Range,Left Side(L),8-16 ft.,9,-82,43,1,1,20250203,GSW,ORL
Shot Chart Detail,0022400708,56,201939,Stephen Curry,1610612744,Golden State Warriors,1,7,23,Missed Shot,Step Back Jump shot,3PT Field Goal,Above the Break 3,Left Side Center(LC),24+ ft.,25,-178,186,1,0,20250203,GSW,ORL
Shot Chart Detail,0022400708,66,201939,Stephen Curry,1610612744,Golden State Warriors,1,6,55,Made Shot,Cutting Layup Shot,2PT Field Goal,Restricted Area,Center(C),Less Than 8 ft.,2,18,9,1,1,20250203,GSW,ORL
Shot Chart Detail,0022400708,70,201939,Stephen Curry,1610612744,Golden State Warriors,1,6,17,Missed Shot,Jump Shot,3PT Field Goal,Left Corner 3,Left Side(L),24+ ft.,23,-232,5,1,0,20250203,GSW,ORL
Shot Chart Detail,0022400708,204,201939,Stephen Curry,1610612744,Golden State Warriors,2,10,40,Missed Shot,Driving Layup Shot,2PT Field Goal,Mid-Range,Left Side(L),8-16 ft.,11,-96,54,1,0,20250203,GSW,ORL
Shot Chart Detail,0022400708,232,201939,Stephen Curry,1610612744,Golden State Warriors,2,9,7,Missed Shot,Step Back Jump shot,3PT Field Goal,Above the Break 3,Left Side Center(LC),24+ ft.,25,-165,195,1,0,20250203,GSW,ORL
Shot Chart Detail,0022400708,342,201939,Stephen Curry,1610612744,Golden State Warriors,2,3,11,Missed Shot,Pullup Jump shot,3PT Field Goal,Above the Break 3,Right Side Center(RC),24+ ft.,25,206,149,1,0,20250203,GSW,ORL
Shot Chart Detail,0022400708,358,201939,Stephen Curry,1610612744,Golden State Warriors,2,1,59,Missed Shot,Pullup Jump shot,3PT Field Goal,Above the Break 3,Left Side Center(LC),24+ ft.,25,-86,245,1,0,20250203,GSW,ORL
Shot Chart Detail,0022400708,410,201939,Stephen Curry,1610612744,Golden State Warriors,3,10,25,Missed Shot,Jump Shot,3PT Field Goal,Above the Break 3,Right Side Center(RC),24+ ft.,29,163,240,1,0,20250203,GSW,ORL
Shot Chart Detail,0022400708,421,201939,Stephen Curry,1610612744,Golden State Warriors,3,9,38,Made Shot,Driving Layup Shot,2PT Field Goal,In The Paint (Non-RA),Center(C),Less Than 8 ft.,5,-14,54,1,1,20250203,GSW,ORL
Shot Chart Detail,0022400708,435,201939,Stephen Curry,1610612744,Golden State Warriors,3,8,8,Made Shot,Pullup Jump shot,3PT Field Goal,Above the Break 3,Center(C),24+ ft.,26,5,268,1,1,20250203,GSW,ORL
Shot Chart Detail,0022400708,460,201939,Stephen Curry,1610612744,Golden State Warriors,3,6,11,Missed Shot,Jump Shot,3PT Field Goal,Above the Break 3,Right Side Center(RC),24+ ft.,26,196,178,1,0,20250203,GSW,ORL
Shot Chart Detail,0022400708,496,201939,Stephen Curry,1610612744,Golden State Warriors,3,4,23,Made Shot,Jump Shot,3PT Field Goal,Above the Break 3,Center(C),24+ ft.,28,-34,280,1,1,20250203,GSW,ORL
Shot Chart Detail,0022400708,504,201939,Stephen Curry,1610612744,Golden State Warriors,3,3,43,Missed Shot,Driving Finger Roll Layup Shot,2PT Field Goal,Mid-Range,Right Side(R),8-16 ft.,11,112,43,1,0,20250203,GSW,ORL
Shot Chart Detail,0022400708,574,201939,Stephen Curry,1610612744,Golden State Warriors,4,11,0,Made Shot,Pullup Jump shot,2PT Field Goal,Mid-Range,Left Side Center(LC),16-24 ft.,19,-64,180,1,1,20250203,GSW,ORL
Shot Chart Detail,0022400708,594,201939,Stephen Curry,1610612744,Golden State Warriors,4,9,32,Missed Shot,Driving Finger Roll Layup Shot,2PT Field Goal,In The Paint (Non-RA),Center(C),8-16 ft.,9,43,82,1,0,20250203,GSW,ORL
Shot Chart Detail,0022400708,620,201939,Stephen Curry,1610612744,Golden State Warriors,4,8,16,Missed Shot,Step Back Jump shot,3PT Field Goal,Above the Break 3,Center(C),24+ ft.,27,24,269,1,0,20250203,GSW,ORL
Shot Chart Detail,0022400708,628,201939,Stephen Curry,1610612744,Golden State Warriors,4,7,26,Made Shot,Driving Layup Shot,2PT Field Goal,In The Paint (Non-RA),Left Side(L),8-16 ft.,8,-80,40,1,1,20250203,GSW,ORL
Shot Chart Detail,0022400708,673,201939,Stephen Curry,1610612744,Golden State Warriors,4,4,11,Missed Shot,Step Back Jump shot,3PT Field Goal,Above the Break 3,Left Side Center(LC),24+ ft.,25,-188,174,1,0,20250203,GSW,ORL
Shot Chart Detail,0022400708,684,201939,Stephen Curry,1610612744,Golden State Warriors,4,2,54,Missed Shot,Driving Layup Shot,2PT Field Goal,Restricted Area,Center(C),Less Than 8 ft.,3,-33,22,1,0,20250203,GSW,ORL
Shot Chart Detail,0022400725,12,201939,Stephen Curry,1610612744,Golden State Warriors,1,10,56,Missed Shot,Driving Floating Bank Jump Shot,2PT Field Goal,Mid-Range,Right Side(R),8-16 ft.,10,92,58,1,0,20250205,UTA,GSW
Shot Chart Detail,0022400725,20,201939,Stephen Curry,1610612744,Golden State Warriors,1,10,18,Missed Shot,Pullup Jump shot,3PT Field Goal,Above the Break 3,Center(C),24+ ft.,28,13,284,1,0,20250205,UTA,GSW
Shot Chart Detail,0022400725,33,201939,Stephen Curry,1610612744,Golden State Warriors,1,8,59,Missed Shot,Driving Floating Jump Shot,2PT Field Goal,Mid-Range,Center(C),8-16 ft.,14,-40,142,1,0,20250205,UTA,GSW
Shot Chart Detail,0022400725,42,201939,Stephen Curry,1610612744,Golden State Warriors,1,8,14,Made Shot,Step Back Jump shot,2PT Field Goal,Mid-Range,Center(C),16-24 ft.,18,42,185,1,1,20250205,UTA,GSW
Shot Chart Detail,0022400725,45,201939,Stephen Curry,1610612744,Golden State Warriors,1,7,41,Missed Shot,Pullup Jump shot,3PT Field Goal,Above the Break 3,Center(C),24+ ft.,25,62,246,1,0,20250205,UTA,GSW
Shot Chart Detail,0022400725,58,201939,Stephen Curry,1610612744,Golden State Warriors,1,7,10,Missed Shot,Jump Shot,3PT Field Goal,Above the Break 3,Left Side Center(LC),24+ ft.,25,-161,201,1,0,20250205,UTA,GSW
Shot Chart Detail,0022400725,110,201939,Stephen Curry,1610612744,Golden State Warriors,1,3,42,Missed Shot,Driving Hook Shot,2PT Field Goal,In The Paint (Non-RA),Center(C),Less Than 8 ft.,7,66,43,1,0,20250205,UTA,GSW
Shot Chart Detail,0022400725,114,201939,Stephen Curry,1610612744,Golden State Warriors,1,3,21,Made Shot,Pullup Jump shot,2PT Field Goal,Mid-Range,Right Side Center(RC),16-24 ft.,18,70,175,1,1,20250205,UTA,GSW
Shot Chart Detail,0022400725,214,201939,Stephen Curry,1610612744,Golden State Warriors,2,9,39,Made Shot,Jump Shot,3PT Field Goal,Above the Break 3,Right Side Center(RC),24+ ft.,25,173,189,1,1,20250205,UTA,GSW
Shot Chart Detail,0022400725,230,201939,Stephen Curry,1610612744,Golden State Warriors,2,8,35,Made Shot,Pullup Jump shot,2PT Field Goal,Mid-Range,Right Side(R),8-16 ft.,13,107,84,1,1,20250205,UTA,GSW
Shot Chart Detail,0022400725,238,201939,Stephen Curry,1610612744,Golden State Warriors,2,7,36,Missed Shot,Running Pull-Up Jump Shot,3PT Field Goal,Left Corner 3,Left Side(L),24+ ft.,24,-233,59,1,0,20250205,UTA,GSW
Shot Chart Detail,0022400725,305,201939,Stephen Curry,1610612744,Golden State Warriors,2,3,42,Made Shot,Jump Shot,3PT Field Goal,Above the Break 3,Center(C),24+ ft.,25,-9,258,1,1,20250205,UTA,GSW
Shot Chart Detail,0022400725,316,201939,Stephen Curry,1610612744,Golden State Warriors,2,3,14,Missed Shot,Jump Shot,3PT Field Goal,Above the Break 3,Center(C),24+ ft.,26,-61,260,1,0,20250205,UTA,GSW
Shot Chart Detail,0022400725,326,201939,Stephen Curry,1610612744,Golden State Warriors,2,2,24,Missed Shot,Driving Floating Jump Shot,2PT Field Goal,In The Paint (Non-RA),Right Side(R),8-16 ft.,8,80,6,1,0,20250205,UTA,GSW
Shot Chart Detail,0022400725,363,201939,Stephen Curry,1610612744,Golden State Warriors,3,10,58,Missed Shot,Driving Floating Bank Jump Shot,2PT Field Goal,In The Paint (Non-RA),Left Side(L),8-16 ft.,9,-78,61,1,0,20250205,UTA,GSW
Shot Chart Detail,0022400725,368,201939,Stephen Curry,1610612744,Golden State Warriors,3,10,34,Made Shot,Driving Floating Jump Shot,2PT Field Goal,In The Paint (Non-RA),Center(C),Less Than 8 ft.,6,27,56,1,1,20250205,UTA,GSW
Shot Chart Detail,0022400725,377,201939,Stephen Curry,1610612744,Golden State Warriors,3,9,57,Missed Shot,Jump Shot,3PT Field Goal,Above the Break 3,Right Side Center(RC),24+ ft.,28,126,261,1,0,20250205,UTA,GSW
Shot Chart Detail,0022400725,392,201939,Stephen Curry,1610612744,Golden State Warriors,3,8,51,Missed Shot,Jump Shot,3PT Field Goal,Above the Break 3,Right Side Center(RC),24+ ft.,24,145,197,1,0,20250205,UTA,GSW
Shot Chart Detail,0022400725,418,201939,Stephen Curry,1610612744,Golden State Warriors,3,6,17,Made Shot,Pullup Jump shot,3PT Field Goal,Above the Break 3,Right Side Center(RC),24+ ft.,27,208,180,1,1,20250205,UTA,GSW
Shot Chart Detail,0022400725,462,201939,Stephen Curry,1610612744,Golden State Warriors,3,4,17,Missed Shot,Pullup Jump shot,3PT Field Goal,Left Corner 3,Left Side(L),24+ ft.,23,-235,27,1,0,20250205,UTA,GSW
Shot Chart Detail,0022400725,552,201939,Stephen Curry,1610612744,Golden State Warriors,4,10,52,Missed Shot,Jump Shot,3PT Field Goal,Above the Break 3,Right Side Center(RC),24+ ft.,25,146,203,1,0,20250205,UTA,GSW
Shot Chart Detail,0022400725,556,201939,Stephen Curry,1610612744,Golden State Warriors,4,10,44,Missed Shot,Driving Layup Shot,2PT Field Goal,Restricted Area,Center(C),Less Than 8 ft.,3,-36,13,1,0,20250205,UTA,GSW
Shot Chart Detail,0022400725,567,201939,Stephen Curry,1610612744,Golden State Warriors,4,10,2,Missed Shot,Pullup Jump shot,3PT Field Goal,Above the Break 3,Center(C),24+ ft.,25,-16,255,1,0,20250205,UTA,GSW
Shot Chart Detail,0022400725,571,201939,Stephen Curry,1610612744,Golden State Warriors,4,9,56,Made Shot,Jump Shot,3PT Field Goal,Above the Break 3,Right Side Center(RC),24+ ft.,26,140,230,1,1,20250205,UTA,GSW
Shot Chart Detail,0022400725,578,201939,Stephen Curry,1610612744,Golden State Warriors,4,9,18,Missed Shot,Jump Shot,3PT Field Goal,Above the Break 3,Right Side Center(RC),24+ ft.,26,88,255,1,0,20250205,UTA,GSW
Shot Chart Detail,0022400725,594,201939,Stephen Curry,1610612744,Golden State Warriors,4,8,10,Made Shot,Jump Shot,3PT Field Goal,Above the Break 3,Left Side Center(LC),24+ ft.,25,-179,178,1,1,20250205,UTA,GSW
Shot Chart Detail,0022400725,666,201939,Stephen Curry,1610612744,Golden State Warriors,4,4,9,Made Shot,Jump Shot,3PT Field Goal,Left Corner 3,Left Side(L),24+ ft.,22,-227,27,1,1,20250205,UTA,GSW
Shot Chart Detail,0022400725,684,201939,Stephen Curry,1610612744,Golden State Warriors,4,3,2,Missed Shot,Jump Shot,3PT Field Goal,Above the Break 3,Left Side Center(LC),24+ ft.,26,-105,242,1,0,20250205,UTA,GSW
Shot Chart Detail,0022400725,712,201939,Stephen Curry,1610612744,Golden State Warriors,4,1,25,Made Shot,Step Back Jump shot,2PT Field Goal,Mid-Range,Left Side(L),8-16 ft.,13,-130,14,1,1,20250205,UTA,GSW
Shot Chart Detail,0022400725,716,201939,Stephen Curry,1610612744,Golden State Warriors,4,0,57,Made Shot,Reverse Layup Shot,2PT Field Goal,Restricted Area,Center(C),Less Than 8 ft.,3,-28,13,1,1,20250205,UTA,GSW
Shot Chart Detail,0022400725,727,201939,Stephen Curry,1610612744,Golden State Warriors,4,0,12,Missed Shot,Driving Hook Shot,2PT Field Goal,In The Paint (Non-RA),Right Side(R),8-16 ft.,8,58,66,1,0,20250205,UTA,GSW
Shot Chart Detail,0022400731,9,201939,Stephen Curry,1610612744,Golden State Warriors,1,11,37,Missed Shot,Running Layup Shot,2PT Field Goal,In The Paint (Non-RA),Center(C),Less Than 8 ft.,4,37,22,1,0,20250206,LAL,GSW
Shot Chart Detail,0022400731,23,201939,Stephen Curry,1610612744,Golden State Warriors,1,10,38,Missed Shot,Jump Shot,3PT Field Goal,Above the Break 3,Right Side Center(RC),24+ ft.,25,135,221,1,0,20250206,LAL,GSW
Shot Chart Detail,0022400731,60,201939,Stephen Curry,1610612744,Golden State Warriors,1,7,28,Missed Shot,Jump Shot,3PT Field Goal,Above the Break 3,Right Side Center(RC),24+ ft.,26,126,230,1,0,20250206,LAL,GSW
Shot Chart Detail,0022400731,192,201939,Stephen Curry,1610612744,Golden State Warriors,2,10,44,Missed Shot,Jump Shot,3PT Field Goal,Above the Break 3,Left Side Center(LC),24+ ft.,25,-121,224,1,0,20250206,LAL,GSW
Shot Chart Detail,0022400731,196,201939,Stephen Curry,1610612744,Golden State Warriors,2,10,29,Made Shot,Running Layup Shot,2PT Field Goal,Restricted Area,Center(C),Less Than 8 ft.,3,18,25,1,1,20250206,LAL,GSW
Shot Chart Detail,0022400731,200,201939,Stephen Curry,1610612744,Golden State Warriors,2,9,58,Missed Shot,Driving Reverse Layup Shot,2PT Field Goal,Restricted Area,Center(C),Less Than 8 ft.,2,17,11,1,0,20250206,LAL,GSW
Shot Chart Detail,0022400731,202,201939,Stephen Curry,1610612744,Golden State Warriors,2,9,55,Missed Shot,Putback Layup Shot,2PT Field Goal,Restricted Area,Center(C),Less Than 8 ft.,2,4,26,1,0,20250206,LAL,GSW
Shot Chart Detail,0022400731,209,201939,Stephen Curry,1610612744,Golden State Warriors,2,9,17,Missed Shot,Pullup Jump shot,3PT Field Goal,Above the Break 3,Right Side Center(RC),24+ ft.,27,156,227,1,0,20250206,LAL,GSW
Shot Chart Detail,0022400731,215,201939,Stephen Curry,1610612744,Golden State Warriors,2,8,54,Missed Shot,Jump Shot,3PT Field Goal,Above the Break 3,Center(C),24+ ft.,26,75,250,1,0,20250206,LAL,GSW
Shot Chart Detail,0022400731,282,201939,Stephen Curry,1610612744,Golden State Warriors,2,4,12,Made Shot,Jump Shot,3PT Field Goal,Above the Break 3,Center(C),24+ ft.,27,59,264,1,1,20250206,LAL,GSW
Shot Chart Detail,0022400731,328,201939,Stephen Curry,1610612744,Golden State Warriors,2,1,18,Made Shot,Step Back Jump shot,2PT Field Goal,In The Paint (Non-RA),Center(C),8-16 ft.,12,-61,108,1,1,20250206,LAL,GSW
Shot Chart Detail,0022400731,332,201939,Stephen Curry,1610612744,Golden State Warriors,2,0,50,Made Shot,Driving Layup Shot,2PT Field Goal,Restricted Area,Center(C),Less Than 8 ft.,1,11,15,1,1,20250206,LAL,GSW
Shot Chart Detail,0022400731,335,201939,Stephen Curry,1610612744,Golden State Warriors,2,0,23,Made Shot,Driving Layup Shot,2PT Field Goal,Restricted Area,Center(C),Less Than 8 ft.,2,12,16,1,1,20250206,LAL,GSW
Shot Chart Detail,0022400731,354,201939,Stephen Curry,1610612744,Golden State Warriors,2,0,1,Missed Shot,Jump Shot,3PT Field Goal,Above the Break 3,Right Side Center(RC),24+ ft.,26,146,224,1,0,20250206,LAL,GSW
Shot Chart Detail,0022400731,376,201939,Stephen Curry,1610612744,Golden State Warriors,3,10,53,Missed Shot,Running Jump Shot,3PT Field Goal,Above the Break 3,Left Side Center(LC),24+ ft.,28,-141,242,1,0,20250206,LAL,GSW
Shot Chart Detail,0022400731,413,201939,Stephen Curry,1610612744,Golden State Warriors,3,7,34,Missed Shot,Driving Finger Roll Layup Shot,2PT Field Goal,Mid-Range,Left Side(L),8-16 ft.,10,-99,17,1,0,20250206,LAL,GSW
Shot Chart Detail,0022400731,424,201939,Stephen Curry,1610612744,Golden State Warriors,3,6,56,Missed Shot,Jump Shot,3PT Field Goal,Left Corner 3,Left Side(L),24+ ft.,23,-233,52,1,0,20250206,LAL,GSW
Shot Chart Detail,0022400731,432,201939,Stephen Curry,1610612744,Golden State Warriors,3,6,30,Missed Shot,Driving Layup Shot,2PT Field Goal,In The Paint (Non-RA),Center(C),Less Than 8 ft.,4,-36,34,1,0,20250206,LAL,GSW
Shot Chart Detail,0022400731,450,201939,Stephen Curry,1610612744,Golden State Warriors,3,5,27,Missed Shot,Driving Reverse Layup Shot,2PT Field Goal,Restricted Area,Center(C),Less Than 8 ft.,2,5,26,1,0,20250206,LAL,GSW
Shot Chart Detail,0022400731,494,201939,Stephen Curry,1610612744,Golden State Warriors,3,3,46,Made Shot,Jump Shot,3PT Field Goal,Above the Break 3,Right Side Center(RC),24+ ft.,27,143,233,1,1,20250206,LAL,GSW
Shot Chart Detail,0022400731,555,201939,Stephen Curry,1610612744,Golden State Warriors,3,0,0,Missed Shot,Pullup Jump shot,3PT Field Goal,Backcourt,Back Court(BC),Back Court Shot,44,-2,446,1,0,20250206,LAL,GSW
Shot Chart Detail,0022400731,572,201939,Stephen Curry,1610612744,Golden State Warriors,4,11,1,Made Shot,Driving Floating Bank Jump Shot,2PT Field Goal,In The Paint (Non-RA),Center(C),Less Than 8 ft.,6,2,64,1,1,20250206,LAL,GSW
Shot Chart Detail,0022400731,579,201939,Stephen Curry,1610612744,Golden State Warriors,4,10,33,Made Shot,Pullup Jump shot,3PT Field Goal,Above the Break 3,Center(C),24+ ft.,28,-43,281,1,1,20250206,LAL,GSW
Shot Chart Detail,0022400731,603,201939,Stephen Curry,1610612744,Golden State Warriors,4,8,26,Missed Shot,Step Back Jump shot,3PT Field Goal,Above the Break 3,Left Side Center(LC),24+ ft.,27,-158,231,1,0,20250206,LAL,GSW
Shot Chart Detail,0022400731,628,201939,Stephen Curry,1610612744,Golden State Warriors,4,7,5,Made Shot,Driving Finger Roll Layup Shot,2PT Field Goal,Restricted Area,Center(C),Less Than 8 ft.,3,-15,31,1,1,20250206,LAL,GSW
Shot Chart Detail,0022400731,676,201939,Stephen Curry,1610612744,Golden State Warriors,4,4,47,Made Shot,Pullup Jump shot,3PT Field Goal,Above the Break 3,Right Side Center(RC),24+ ft.,26,87,246,1,1,20250206,LAL,GSW
Shot Chart Detail,0022400731,683,201939,Stephen Curry,1610612744,Golden State Warriors,4,3,45,Missed Shot,Step Back Jump shot,3PT Field Goal,Above the Break 3,Center(C),24+ ft.,27,-71,268,1,0,20250206,LAL,GSW
Shot Chart Detail,0022400731,685,201939,Stephen Curry,1610612744,Golden State Warriors,4,3,40,Made Shot,Jump Shot,3PT Field Goal,Above the Break 3,Left Side Center(LC),24+ ft.,27,-191,204,1,1,20250206,LAL,GSW
Shot Chart Detail,0022400731,697,201939,Stephen Curry,1610612744,Golden State Warriors,4,2,31,Missed Shot,Step Back Jump shot,2PT Field Goal,Mid-Range,Left Side(L),8-16 ft.,15,-148,41,1,0,20250206,LAL,GSW
Shot Chart Detail,0022400731,704,201939,Stephen Curry,1610612744,Golden State Warriors,4,2,2,Missed Shot,Jump Shot,3PT Field Goal,Above the Break 3,Center(C),24+ ft.,25,75,241,1,0,20250206,LAL,GSW
Shot Chart Detail,0022400731,706,201939,Stephen Curry,1610612744,Golden State Warriors,4,1,58,Missed Shot,Jump Shot,3PT Field Goal,Above the Break 3,Center(C),24+ ft.,26,77,251,1,0,20250206,LAL,GSW
Shot Chart Detail,0022400731,711,201939,Stephen Curry,1610612744,Golden State Warriors,4,1,29,Missed Shot,Driving Layup Shot,2PT Field Goal,In The Paint (Non-RA),Center(C),Less Than 8 ft.,6,58,28,1,0,20250206,LAL,GSW
Shot Chart Detail,0022400731,716,201939,Stephen Curry,1610612744,Golden State Warriors,4,1,2,Made Shot,Pullup Jump shot,3PT Field Goal,Above the Break 3,Center(C),24+ ft.,29,78,284,1,1,20250206,LAL,GSW
Shot Chart Detail,0022400731,737,201939,Stephen Curry,1610612744,Golden State Warriors,4,0,20,Made Shot,Cutting Layup Shot,2PT Field Goal,Restricted Area,Center(C),Less Than 8 ft.,2,-11,26,1,1,20250206,LAL,GSW
Shot Chart Detail,0022400731,743,201939,Stephen Curry,1610612744,Golden State Warriors,4,0,12,Missed Shot,Jump Shot,3PT Field Goal,Above the Break 3,Center(C),24+ ft.,28,5,284,1,0,20250206,LAL,GSW
Shot Chart Detail,0022400745,35,201939,Stephen Curry,1610612744,Golden State Warriors,1,8,54,Missed Shot,Step Back Jump shot,3PT Field Goal,Above the Break 3,Center(C),24+ ft.,27,2,279,1,0,20250208,CHI,GSW
Shot Chart Detail,0022400745,70,201939,Stephen Curry,1610612744,Golden State Warriors,1,6,5,Made Shot,Jump Shot,3PT Field Goal,Above the Break 3,Right Side Center(RC),24+ ft.,29,169,241,1,1,20250208,CHI,GSW
Shot Chart Detail,0022400745,111,201939,Stephen Curry,1610612744,Golden State Warriors,1,3,50,Made Shot,Jump Shot,3PT Field Goal,Above the Break 3,Right Side Center(RC),24+ ft.,27,163,218,1,1,20250208,CHI,GSW
Shot Chart Detail,0022400745,212,201939,Stephen Curry,1610612744,Golden State Warriors,2,8,59,Missed Shot,Jump Shot,3PT Field Goal,Above the Break 3,Left Side Center(LC),24+ ft.,35,-190,300,1,0,20250208,CHI,GSW
Shot Chart Detail,0022400745,272,201939,Stephen Curry,1610612744,Golden State Warriors,2,4,50,Made Shot,Step Back Jump shot,3PT Field Goal,Above the Break 3,Left Side Center(LC),24+ ft.,25,-200,162,1,1,20250208,CHI,GSW
Shot Chart Detail,0022400745,311,201939,Stephen Curry,1610612744,Golden State Warriors,2,1,37,Missed Shot,Step Back Jump shot,3PT Field Goal,Above the Break 3,Left Side Center(LC),24+ ft.,25,-183,183,1,0,20250208,CHI,GSW
Shot Chart Detail,0022400745,361,201939,Stephen Curry,1610612744,Golden State Warriors,3,9,42,Missed Shot,Jump Shot,3PT Field Goal,Above the Break 3,Right Side Center(RC),24+ ft.,27,145,231,1,0,20250208,CHI,GSW
Shot Chart Detail,0022400745,386,201939,Stephen Curry,1610612744,Golden State Warriors,3,7,54,Made Shot,Pullup Jump shot,3PT Field Goal,Above the Break 3,Right Side Center(RC),24+ ft.,29,156,256,1,1,20250208,CHI,GSW
Shot Chart Detail,0022400745,390,201939,Stephen Curry,1610612744,Golden State Warriors,3,7,29,Made Shot,Jump Shot,3PT Field Goal,Above the Break 3,Left Side Center(LC),24+ ft.,27,-150,231,1,1,20250208,CHI,GSW
Shot Chart Detail,0022400745,442,201939,Stephen Curry,1610612744,Golden State Warriors,3,4,17,Missed Shot,Jump Shot,3PT Field Goal,Above the Break 3,Left Side Center(LC),24+ ft.,28,-125,255,1,0,20250208,CHI,GSW
Shot Chart Detail,0022400745,462,201939,Stephen Curry,1610612744,Golden State Warriors,3,3,13,Made Shot,Step Back Jump shot,3PT Field Goal,Above the Break 3,Right Side Center(RC),24+ ft.,27,192,200,1,1,20250208,CHI,GSW
Shot Chart Detail,0022400745,466,201939,Stephen Curry,1610612744,Golden State Warriors,3,2,46,Made Shot,Driving Layup Shot,2PT Field Goal,In The Paint (Non-RA),Center(C),8-16 ft.,10,-19,103,1,1,20250208,CHI,GSW
Shot Chart Detail,0022400745,484,201939,Stephen Curry,1610612744,Golden State Warriors,3,2,8,Made Shot,Step Back Jump shot,3PT Field Goal,Above the Break 3,Left Side Center(LC),24+ ft.,25,-208,153,1,1,20250208,CHI,GSW
Shot Chart Detail,0022400745,501,201939,Stephen Curry,1610612744,Golden State Warriors,3,1,52,Missed Shot,Pullup Jump shot,3PT Field Goal,Above the Break 3,Left Side Center(LC),24+ ft.,26,-130,230,1,0,20250208,CHI,GSW
Shot Chart Detail,0022400745,505,201939,Stephen Curry,1610612744,Golden State Warriors,3,1,35,Missed Shot,Putback Layup Shot,2PT Field Goal,Restricted Area,Center(C),Less Than 8 ft.,2,-29,6,1,0,20250208,CHI,GSW
Shot Chart Detail,0022400745,517,201939,Stephen Curry,1610612744,Golden State Warriors,3,1,11,Made Shot,Pullup Jump shot,2PT Field Goal,Mid-Range,Center(C),8-16 ft.,15,34,150,1,1,20250208,CHI,GSW
Shot Chart Detail,0022400745,524,201939,Stephen Curry,1610612744,Golden State Warriors,3,0,14,Made Shot,Pullup Jump shot,3PT Field Goal,Above the Break 3,Center(C),24+ ft.,26,60,256,1,1,20250208,CHI,GSW
Shot Chart Detail,0022400745,633,201939,Stephen Curry,1610612744,Golden State Warriors,4,5,40,Missed Shot,Jump Shot,3PT Field Goal,Above the Break 3,Center(C),24+ ft.,29,21,294,1,0,20250208,CHI,GSW
Shot Chart Detail,0022400745,640,201939,Stephen Curry,1610612744,Golden State Warriors,4,5,0,Missed Shot,Running Jump Shot,3PT Field Goal,Above the Break 3,Left Side Center(LC),24+ ft.,25,-218,127,1,0,20250208,CHI,GSW
Shot Chart Detail,0022400760,9,201939,Stephen Curry,1610612744,Golden State Warriors,1,11,28,Made Shot,Jump Shot,3PT Field Goal,Left Corner 3,Left Side(L),24+ ft.,22,-229,1,1,1,20250210,MIL,GSW
Shot Chart Detail,0022400760,56,201939,Stephen Curry,1610612744,Golden State Warriors,1,6,33,Made Shot,Jump Shot,3PT Field Goal,Above the Break 3,Center(C),24+ ft.,27,-40,271,1,1,20250210,MIL,GSW
Shot Chart Detail,0022400760,60,201939,Stephen Curry,1610612744,Golden State Warriors,1,6,6,Missed Shot,Jump Shot,3PT Field Goal,Above the Break 3,Left Side Center(LC),24+ ft.,27,-120,245,1,0,20250210,MIL,GSW
Shot Chart Detail,0022400760,77,201939,Stephen Curry,1610612744,Golden State Warriors,1,4,55,Made Shot,Jump Shot,3PT Field Goal,Above the Break 3,Left Side Center(LC),24+ ft.,26,-147,225,1,1,20250210,MIL,GSW
Shot Chart Detail,0022400760,83,201939,Stephen Curry,1610612744,Golden State Warriors,1,4,21,Missed Shot,Jump Shot,3PT Field Goal,Above the Break 3,Left Side Center(LC),24+ ft.,25,-100,235,1,0,20250210,MIL,GSW
Shot Chart Detail,0022400760,90,201939,Stephen Curry,1610612744,Golden State Warriors,1,3,40,Missed Shot,Step Back Jump shot,3PT Field Goal,Above the Break 3,Left Side Center(LC),24+ ft.,24,-225,92,1,0,20250210,MIL,GSW
Shot Chart Detail,0022400760,253,201939,Stephen Curry,1610612744,Golden State Warriors,2,4,36,Missed Shot,Running Pull-Up Jump Shot,2PT Field Goal,Mid-Range,Right Side(R),8-16 ft.,15,158,6,1,0,20250210,MIL,GSW
Shot Chart Detail,0022400760,279,201939,Stephen Curry,1610612744,Golden State Warriors,2,3,32,Missed Shot,Step Back Jump shot,3PT Field Goal,Above the Break 3,Left Side Center(LC),24+ ft.,27,-103,255,1,0,20250210,MIL,GSW
Shot Chart Detail,0022400760,298,201939,Stephen Curry,1610612744,Golden State Warriors,2,1,57,Made Shot,Pullup Jump shot,2PT Field Goal,In The Paint (Non-RA),Left Side(L),8-16 ft.,10,-78,75,1,1,20250210,MIL,GSW
Shot Chart Detail,0022400760,312,201939,Stephen Curry,1610612744,Golden State Warriors,2,0,36,Missed Shot,Pullup Jump shot,3PT Field Goal,Above the Break 3,Center(C),24+ ft.,27,72,263,1,0,20250210,MIL,GSW
Shot Chart Detail,0022400760,341,201939,Stephen Curry,1610612744,Golden State Warriors,3,10,34,Made Shot,Cutting Layup Shot,2PT Field Goal,Restricted Area,Center(C),Less Than 8 ft.,1,13,13,1,1,20250210,MIL,GSW
Shot Chart Detail,0022400760,347,201939,Stephen Curry,1610612744,Golden State Warriors,3,10,9,Missed Shot,Jump Shot,3PT Field Goal,Right Corner 3,Right Side(R),24+ ft.,23,235,-13,1,0,20250210,MIL,GSW
Shot Chart Detail,0022400760,354,201939,Stephen Curry,1610612744,Golden State Warriors,3,9,46,Made Shot,Step Back Jump shot,2PT Field Goal,Mid-Range,Left Side(L),8-16 ft.,10,-109,-14,1,1,20250210,MIL,GSW
Shot Chart Detail,0022400760,372,201939,Stephen Curry,1610612744,Golden State Warriors,3,8,16,Made Shot,Driving Finger Roll Layup Shot,2PT Field Goal,Restricted Area,Center(C),Less Than 8 ft.,1,-9,6,1,1,20250210,MIL,GSW
Shot Chart Detail,0022400760,401,201939,Stephen Curry,1610612744,Golden State Warriors,3,6,8,Missed Shot,Driving Floating Bank Jump Shot,2PT Field Goal,Mid-Range,Right Side(R),8-16 ft.,11,97,60,1,0,20250210,MIL,GSW
Shot Chart Detail,0022400760,410,201939,Stephen Curry,1610612744,Golden State Warriors,3,5,33,Made Shot,Jump Shot,3PT Field Goal,Above the Break 3,Right Side Center(RC),24+ ft.,26,113,242,1,1,20250210,MIL,GSW
Shot Chart Detail,0022400760,420,201939,Stephen Curry,1610612744,Golden State Warriors,3,5,3,Missed Shot,Jump Shot,3PT Field Goal,Above the Break 3,Center(C),24+ ft.,28,-29,283,1,0,20250210,MIL,GSW
Shot Chart Detail,0022400760,446,201939,Stephen Curry,1610612744,Golden State Warriors,3,3,24,Missed Shot,Jump Shot,3PT Field Goal,Above the Break 3,Right Side Center(RC),24+ ft.,26,192,183,1,0,20250210,MIL,GSW
Shot Chart Detail,0022400760,450,201939,Stephen Curry,1610612744,Golden State Warriors,3,3,2,Made Shot,Driving Layup Shot,2PT Field Goal,Restricted Area,Center(C),Less Than 8 ft.,0,6,7,1,1,20250210,MIL,GSW
Shot Chart Detail,0022400760,596,201939,Stephen Curry,1610612744,Golden State Warriors,4,7,4,Made Shot,Pullup Jump shot,3PT Field Goal,Above the Break 3,Center(C),24+ ft.,28,-47,279,1,1,20250210,MIL,GSW
Shot Chart Detail,0022400760,624,201939,Stephen Curry,1610612744,Golden State Warriors,4,5,34,Made Shot,Step Back Jump shot,3PT Field Goal,Above the Break 3,Right Side Center(RC),24+ ft.,26,165,205,1,1,20250210,MIL,GSW
Shot Chart Detail,0022400760,640,201939,Stephen Curry,1610612744,Golden State Warriors,4,4,41,Missed Shot,Pullup Jump shot,3PT Field Goal,Above the Break 3,Left Side Center(LC),24+ ft.,29,-99,279,1,0,20250210,MIL,GSW
Shot Chart Detail,0022400760,648,201939,Stephen Curry,1610612744,Golden State Warriors,4,4,9,Made Shot,Driving Layup Shot,2PT Field Goal,Restricted Area,Center(C),Less Than 8 ft.,0,4,8,1,1,20250210,MIL,GSW
Shot Chart Detail,0022400760,651,201939,Stephen Curry,1610612744,Golden State Warriors,4,3,33,Missed Shot,Step Back Jump shot,3PT Field Goal,Above the Break 3,Left Side Center(LC),24+ ft.,26,-211,160,1,0,20250210,MIL,GSW
Shot Chart Detail,0022400782,17,201939,Stephen Curry,1610612744,Golden State Warriors,1,10,27,Made Shot,Step Back Jump shot,2PT Field Goal,In The Paint (Non-RA),Center(C),8-16 ft.,11,-34,113,1,1,20250212,DAL,GSW
Shot Chart Detail,0022400782,20,201939,Stephen Curry,1610612744,Golden State Warriors,1,9,54,Missed Shot,Jump Shot,3PT Field Goal,Above the Break 3,Right Side Center(RC),24+ ft.,25,197,155,1,0,20250212,DAL,GSW
Shot Chart Detail,0022400782,36,201939,Stephen Curry,1610612744,Golden State Warriors,1,8,11,Missed Shot,Jump Shot,3PT Field Goal,Above the Break 3,Right Side Center(RC),24+ ft.,24,219,106,1,0,20250212,DAL,GSW
Shot Chart Detail,0022400782,81,201939,Stephen Curry,1610612744,Golden State Warriors,1,5,23,Made Shot,Step Back Jump shot,3PT Field Goal,Above the Break 3,Left Side Center(LC),24+ ft.,25,-119,223,1,1,20250212,DAL,GSW
Shot Chart Detail,0022400782,230,201939,Stephen Curry,1610612744,Golden State Warriors,2,6,40,Missed Shot,Step Back Jump shot,3PT Field Goal,Left Corner 3,Left Side(L),24+ ft.,22,-227,34,1,0,20250212,DAL,GSW
Shot Chart Detail,0022400782,259,201939,Stephen Curry,1610612744,Golden State Warriors,2,5,13,Missed Shot,Running Jump Shot,3PT Field Goal,Above the Break 3,Left Side Center(LC),24+ ft.,25,-212,137,1,0,20250212,DAL,GSW
Shot Chart Detail,0022400782,271,201939,Stephen Curry,1610612744,Golden State Warriors,2,3,56,Made Shot,Reverse Layup Shot,2PT Field Goal,Restricted Area,Center(C),Less Than 8 ft.,1,1,15,1,1,20250212,DAL,GSW
Shot Chart Detail,0022400782,314,201939,Stephen Curry,1610612744,Golden State Warriors,2,0,54,Made Shot,Driving Floating Bank Jump Shot,2PT Field Goal,Restricted Area,Center(C),Less Than 8 ft.,2,-20,12,1,1,20250212,DAL,GSW
Shot Chart Detail,0022400782,318,201939,Stephen Curry,1610612744,Golden State Warriors,2,0,43,Missed Shot,Jump Shot,3PT Field Goal,Right Corner 3,Right Side(R),24+ ft.,22,224,42,1,0,20250212,DAL,GSW
Shot Chart Detail,0022400782,320,201939,Stephen Curry,1610612744,Golden State Warriors,2,0,38,Made Shot,Jump Shot,3PT Field Goal,Right Corner 3,Right Side(R),24+ ft.,23,232,29,1,1,20250212,DAL,GSW
Shot Chart Detail,0022400782,332,201939,Stephen Curry,1610612744,Golden State Warriors,2,0,7,Missed Shot,Driving Finger Roll Layup Shot,2PT Field Goal,Restricted Area,Center(C),Less Than 8 ft.,3,28,11,1,0,20250212,DAL,GSW
Shot Chart Detail,0022400782,391,201939,Stephen Curry,1610612744,Golden State Warriors,3,7,4,Missed Shot,Driving Finger Roll Layup Shot,2PT Field Goal,In The Paint (Non-RA),Right Side(R),8-16 ft.,8,75,38,1,0,20250212,DAL,GSW
Shot Chart Detail,0022400782,409,201939,Stephen Curry,1610612744,Golden State Warriors,3,6,2,Missed Shot,Step Back Jump shot,2PT Field Goal,In The Paint (Non-RA),Center(C),8-16 ft.,13,-44,127,1,0,20250212,DAL,GSW
Shot Chart Detail,0022400782,443,201939,Stephen Curry,1610612744,Golden State Warriors,3,3,1,Missed Shot,Driving Floating Bank Jump Shot,2PT Field Goal,In The Paint (Non-RA),Center(C),Less Than 8 ft.,7,70,26,1,0,20250212,DAL,GSW
Shot Chart Detail,0022400782,446,201939,Stephen Curry,1610612744,Golden State Warriors,3,2,55,Made Shot,Driving Finger Roll Layup Shot,2PT Field Goal,Restricted Area,Center(C),Less Than 8 ft.,3,25,22,1,1,20250212,DAL,GSW
Shot Chart Detail,0022400782,456,201939,Stephen Curry,1610612744,Golden State Warriors,3,2,29,Missed Shot,Jump Shot,3PT Field Goal,Above the Break 3,Center(C),24+ ft.,24,-72,231,1,0,20250212,DAL,GSW
Shot Chart Detail,0022400782,540,201939,Stephen Curry,1610612744,Golden State Warriors,4,10,14,Missed Shot,Pullup Jump shot,3PT Field Goal,Above the Break 3,Center(C),24+ ft.,25,54,250,1,0,20250212,DAL,GSW
Shot Chart Detail,0022400782,562,201939,Stephen Curry,1610612744,Golden State Warriors,4,7,45,Missed Shot,Jump Shot,3PT Field Goal,Above the Break 3,Left Side Center(LC),24+ ft.,25,-109,229,1,0,20250212,DAL,GSW
Shot Chart Detail,0022400782,618,201939,Stephen Curry,1610612744,Golden State Warriors,4,5,12,Made Shot,Jump Shot,3PT Field Goal,Right Corner 3,Right Side(R),24+ ft.,23,232,11,1,1,20250212,DAL,GSW
Shot Chart Detail,0022400782,622,201939,Stephen Curry,1610612744,Golden State Warriors,4,4,38,Missed Shot,Pullup Jump shot,3PT Field Goal,Above the Break 3,Right Side Center(RC),24+ ft.,26,85,248,1,0,20250212,DAL,GSW
Shot Chart Detail,0022400782,637,201939,Stephen Curry,1610612744,Golden State Warriors,4,3,31,Made Shot,Jump Shot,3PT Field Goal,Above the Break 3,Right Side Center(RC),24+ ft.,25,208,141,1,1,20250212,DAL,GSW
Shot Chart Detail,0022400782,646,201939,Stephen Curry,1610612744,Golden State Warriors,4,2,40,Missed Shot,Driving Floating Jump Shot,2PT Field Goal,In The Paint (Non-RA),Center(C),Less Than 8 ft.,4,-40,-4,1,0,20250212,DAL,GSW
Shot Chart Detail,0022400782,662,201939,Stephen Curry,1610612744,Golden State Warriors,4,2,0,Made Shot,Putback Layup Shot,2PT Field Goal,Restricted Area,Center(C),Less Than 8 ft.,1,-17,9,1,1,20250212,DAL,GSW
Shot Chart Detail,0022400784,17,201939,Stephen Curry,1610612744,Golden State Warriors,1,10,22,Made Shot,Pullup Jump shot,3PT Field Goal,Above the Break 3,Left Side Center(LC),24+ ft.,25,-167,190,1,1,20250213,HOU,GSW
Shot Chart Detail,0022400784,29,201939,Stephen Curry,1610612744,Golden State Warriors,1,9,22,Missed Shot,Running Jump Shot,3PT Field Goal,Above the Break 3,Right Side Center(RC),24+ ft.,25,207,146,1,0,20250213,HOU,GSW
Shot Chart Detail,0022400784,78,201939,Stephen Curry,1610612744,Golden State Warriors,1,5,38,Missed Shot,Jump Shot,3PT Field Goal,Left Corner 3,Left Side(L),24+ ft.,22,-227,-3,1,0,20250213,HOU,GSW
Shot Chart Detail,0022400784,286,201939,Stephen Curry,1610612744,Golden State Warriors,2,3,53,Made Shot,Jump Shot,3PT Field Goal,Left Corner 3,Left Side(L),24+ ft.,23,-234,36,1,1,20250213,HOU,GSW
Shot Chart Detail,0022400784,317,201939,Stephen Curry,1610612744,Golden State Warriors,2,2,35,Missed Shot,Step Back Jump shot,3PT Field Goal,Above the Break 3,Left Side Center(LC),24+ ft.,31,-179,258,1,0,20250213,HOU,GSW
Shot Chart Detail,0022400784,339,201939,Stephen Curry,1610612744,Golden State Warriors,2,1,46,Missed Shot,Jump Shot,3PT Field Goal,Right Corner 3,Right Side(R),24+ ft.,23,235,43,1,0,20250213,HOU,GSW
Shot Chart Detail,0022400784,361,201939,Stephen Curry,1610612744,Golden State Warriors,2,0,39,Made Shot,Putback Layup Shot,2PT Field Goal,Restricted Area,Center(C),Less Than 8 ft.,2,18,16,1,1,20250213,HOU,GSW
Shot Chart Detail,0022400784,407,201939,Stephen Curry,1610612744,Golden State Warriors,3,9,32,Made Shot,Cutting Layup Shot,2PT Field Goal,Restricted Area,Center(C),Less Than 8 ft.,1,11,13,1,1,20250213,HOU,GSW
Shot Chart Detail,0022400784,437,201939,Stephen Curry,1610612744,Golden State Warriors,3,7,3,Made Shot,Step Back Jump shot,3PT Field Goal,Above the Break 3,Right Side Center(RC),24+ ft.,24,132,208,1,1,20250213,HOU,GSW
Shot Chart Detail,0022400784,446,201939,Stephen Curry,1610612744,Golden State Warriors,3,6,21,Missed Shot,Jump Shot,3PT Field Goal,Above the Break 3,Center(C),24+ ft.,25,-11,251,1,0,20250213,HOU,GSW
Shot Chart Detail,0022400784,461,201939,Stephen Curry,1610612744,Golden State Warriors,3,6,3,Missed Shot,Pullup Jump shot,3PT Field Goal,Above the Break 3,Left Side Center(LC),24+ ft.,26,-192,178,1,0,20250213,HOU,GSW
Shot Chart Detail,0022400784,560,201939,Stephen Curry,1610612744,Golden State Warriors,4,11,20,Missed Shot,Pullup Jump shot,3PT Field Goal,Above the Break 3,Center(C),24+ ft.,25,59,250,1,0,20250213,HOU,GSW
Shot Chart Detail,0022400784,577,201939,Stephen Curry,1610612744,Golden State Warriors,4,10,15,Missed Shot,Driving Layup Shot,2PT Field Goal,Mid-Range,Left Side(L),8-16 ft.,11,-94,61,1,0,20250213,HOU,GSW
Shot Chart Detail,0022400784,618,201939,Stephen Curry,1610612744,Golden State Warriors,4,7,11,Made Shot,Jump Shot,3PT Field Goal,Above the Break 3,Left Side Center(LC),24+ ft.,24,-141,200,1,1,20250213,HOU,GSW
Shot Chart Detail,0022400784,657,201939,Stephen Curry,1610612744,Golden State Warriors,4,4,25,Missed Shot,Pullup Jump shot,3PT Field Goal,Above the Break 3,Right Side Center(RC),24+ ft.,25,105,231,1,0,20250213,HOU,GSW
Shot Chart Detail,0022400784,664,201939,Stephen Curry,1610612744,Golden State Warriors,4,3,56,Missed Shot,Floating Jump shot,2PT Field Goal,In The Paint (Non-RA),Center(C),8-16 ft.,9,4,99,1,0,20250213,HOU,GSW
Shot Chart Detail,0022400784,669,201939,Stephen Curry,1610612744,Golden State Warriors,4,3,42,Made Shot,Pullup Jump shot,3PT Field Goal,Above the Break 3,Left Side Center(LC),24+ ft.,25,-115,225,1,1,20250213,HOU,GSW
Shot Chart Detail,0022400805,29,201939,Stephen Curry,1610612744,Golden State Warriors,1,9,41,Made Shot,Jump Shot,3PT Field Goal,Left Corner 3,Left Side(L),24+ ft.,23,-232,11,1,1,20250221,SAC,GSW
Shot Chart Detail,0022400805,267,201939,Stephen Curry,1610612744,Golden State Warriors,2,5,39,Made Shot,Running Layup Shot,2PT Field Goal,In The Paint (Non-RA),Center(C),Less Than 8 ft.,6,39,51,1,1,20250221,SAC,GSW
Shot Chart Detail,0022400805,314,201939,Stephen Curry,1610612744,Golden State Warriors,2,1,54,Missed Shot,Pullup Jump shot,3PT Field Goal,Above the Break 3,Right Side Center(RC),24+ ft.,27,148,237,1,0,20250221,SAC,GSW
Shot Chart Detail,0022400805,359,201939,Stephen Curry,1610612744,Golden State Warriors,3,10,30,Missed Shot,Driving Reverse Layup Shot,2PT Field Goal,Restricted Area,Center(C),Less Than 8 ft.,1,-4,13,1,0,20250221,SAC,GSW
Shot Chart Detail,0022400805,365,201939,Stephen Curry,1610612744,Golden State Warriors,3,10,9,Missed Shot,Jump Shot,3PT Field Goal,Above the Break 3,Right Side Center(RC),24+ ft.,28,144,246,1,0,20250221,SAC,GSW
Shot Chart Detail,0022400805,389,201939,Stephen Curry,1610612744,Golden State Warriors,3,7,47,Made Shot,Pullup Jump shot,2PT Field Goal,Mid-Range,Left Side(L),8-16 ft.,13,-124,45,1,1,20250221,SAC,GSW
Shot Chart Detail,0022400805,414,201939,Stephen Curry,1610612744,Golden State Warriors,3,6,23,Made Shot,Running Layup Shot,2PT Field Goal,In The Paint (Non-RA),Center(C),Less Than 8 ft.,5,-42,36,1,1,20250221,SAC,GSW
Shot Chart Detail,0022400805,417,201939,Stephen Curry,1610612744,Golden State Warriors,3,6,1,Made Shot,Running Pull-Up Jump Shot,3PT Field Goal,Above the Break 3,Right Side Center(RC),24+ ft.,26,160,212,1,1,20250221,SAC,GSW
Shot Chart Detail,0022400805,434,201939,Stephen Curry,1610612744,Golden State Warriors,3,4,54,Missed Shot,Jump Shot,3PT Field Goal,Right Corner 3,Right Side(R),24+ ft.,23,234,24,1,0,20250221,SAC,GSW
Shot Chart Detail,0022400805,449,201939,Stephen Curry,1610612744,Golden State Warriors,3,3,39,Missed Shot,Step Back Jump shot,3PT Field Goal,Above the Break 3,Left Side Center(LC),24+ ft.,28,-193,206,1,0,20250221,SAC,GSW
Shot Chart Detail,0022400805,580,201939,Stephen Curry,1610612744,Golden State Warriors,4,6,40,Made Shot,Jump Shot,3PT Field Goal,Left Corner 3,Left Side(L),24+ ft.,23,-232,-9,1,1,20250221,SAC,GSW
Shot Chart Detail,0022400805,590,201939,Stephen Curry,1610612744,Golden State Warriors,4,5,56,Missed Shot,Fadeaway Jump Shot,3PT Field Goal,Right Corner 3,Right Side(R),24+ ft.,23,234,36,1,0,20250221,SAC,GSW
Shot Chart Detail,0022400805,625,201939,Stephen Curry,1610612744,Golden State Warriors,4,3,16,Made Shot,Step Back Jump shot,3PT Field Goal,Above the Break 3,Center(C),24+ ft.,28,66,273,1,1,20250221,SAC,GSW
Shot Chart Detail,0022400812,13,201939,Stephen Curry,1610612744,Golden State Warriors,1,11,2,Made Shot,Cutting Layup Shot,2PT Field Goal,In The Paint (Non-RA),Center(C),Less Than 8 ft.,4,-10,41,1,1,20250223,GSW,DAL
Shot Chart Detail,0022400812,30,201939,Stephen Curry,1610612744,Golden State Warriors,1,9,22,Missed Shot,Driving Finger Roll Layup Shot,2PT Field Goal,In The Paint (Non-RA),Center(C),Less Than 8 ft.,4,-33,37,1,0,20250223,GSW,DAL
Shot Chart Detail,0022400812,61,201939,Stephen Curry,1610612744,Golden State Warriors,1,6,56,Made Shot,Running Layup Shot,2PT Field Goal,Restricted Area,Center(C),Less Than 8 ft.,3,17,29,1,1,20250223,GSW,DAL
Shot Chart Detail,0022400812,85,201939,Stephen Curry,1610612744,Golden State Warriors,1,5,47,Made Shot,Pullup Jump shot,3PT Field Goal,Above the Break 3,Right Side Center(RC),24+ ft.,26,145,227,1,1,20250223,GSW,DAL
Shot Chart Detail,0022400812,89,201939,Stephen Curry,1610612744,Golden State Warriors,1,5,14,Missed Shot,Pullup Jump shot,2PT Field Goal,Mid-Range,Right Side(R),8-16 ft.,14,113,88,1,0,20250223,GSW,DAL
Shot Chart Detail,0022400812,93,201939,Stephen Curry,1610612744,Golden State Warriors,1,4,56,Made Shot,Driving Layup Shot,2PT Field Goal,In The Paint (Non-RA),Center(C),Less Than 8 ft.,6,54,34,1,1,20250223,GSW,DAL
Shot Chart Detail,0022400812,109,201939,Stephen Curry,1610612744,Golden State Warriors,1,4,1,Missed Shot,Pullup Jump shot,3PT Field Goal,Above the Break 3,Right Side Center(RC),24+ ft.,30,159,260,1,0,20250223,GSW,DAL
Shot Chart Detail,0022400812,282,201939,Stephen Curry,1610612744,Golden State Warriors,2,6,11,Missed Shot,Jump Shot,3PT Field Goal,Above the Break 3,Center(C),24+ ft.,28,-15,280,1,0,20250223,GSW,DAL
Shot Chart Detail,0022400812,313,201939,Stephen Curry,1610612744,Golden State Warriors,2,4,7,Made Shot,Driving Finger Roll Layup Shot,2PT Field Goal,In The Paint (Non-RA),Center(C),Less Than 8 ft.,4,25,39,1,1,20250223,GSW,DAL
Shot Chart Detail,0022400812,347,201939,Stephen Curry,1610612744,Golden State Warriors,2,1,6,Made Shot,Reverse Layup Shot,2PT Field Goal,Restricted Area,Center(C),Less Than 8 ft.,3,-31,13,1,1,20250223,GSW,DAL
Shot Chart Detail,0022400812,354,201939,Stephen Curry,1610612744,Golden State Warriors,2,0,29,Missed Shot,Pullup Jump shot,3PT Field Goal,Above the Break 3,Left Side Center(LC),24+ ft.,29,-179,238,1,0,20250223,GSW,DAL
Shot Chart Detail,0022400812,394,201939,Stephen Curry,1610612744,Golden State Warriors,3,10,24,Made Shot,Driving Floating Jump Shot,2PT Field Goal,In The Paint (Non-RA),Center(C),8-16 ft.,10,-49,90,1,1,20250223,GSW,DAL
Shot Chart Detail,0022400812,409,201939,Stephen Curry,1610612744,Golden State Warriors,3,8,46,Made Shot,Driving Finger Roll Layup Shot,2PT Field Goal,In The Paint (Non-RA),Center(C),Less Than 8 ft.,5,-42,31,1,1,20250223,GSW,DAL
Shot Chart Detail,0022400812,411,201939,Stephen Curry,1610612744,Golden State Warriors,3,8,18,Missed Shot,Step Back Jump shot,3PT Field Goal,Above the Break 3,Center(C),24+ ft.,25,-22,257,1,0,20250223,GSW,DAL
Shot Chart Detail,0022400812,446,201939,Stephen Curry,1610612744,Golden State Warriors,3,6,16,Missed Shot,Pullup Jump shot,2PT Field Goal,In The Paint (Non-RA),Left Side(L),8-16 ft.,9,-69,67,1,0,20250223,GSW,DAL
Shot Chart Detail,0022400812,449,201939,Stephen Curry,1610612744,Golden State Warriors,3,5,54,Made Shot,Cutting Layup Shot,2PT Field Goal,In The Paint (Non-RA),Center(C),Less Than 8 ft.,5,42,30,1,1,20250223,GSW,DAL
Shot Chart Detail,0022400812,488,201939,Stephen Curry,1610612744,Golden State Warriors,3,3,22,Made Shot,Jump Shot,3PT Field Goal,Above the Break 3,Right Side Center(RC),24+ ft.,29,141,261,1,1,20250223,GSW,DAL
Shot Chart Detail,0022400812,492,201939,Stephen Curry,1610612744,Golden State Warriors,3,2,48,Made Shot,Step Back Jump shot,3PT Field Goal,Above the Break 3,Left Side Center(LC),24+ ft.,25,-159,204,1,1,20250223,GSW,DAL
Shot Chart Detail,0022400812,495,201939,Stephen Curry,1610612744,Golden State Warriors,3,2,18,Made Shot,Driving Floating Bank Jump Shot,2PT Field Goal,In The Paint (Non-RA),Center(C),8-16 ft.,14,67,132,1,1,20250223,GSW,DAL
Shot Chart Detail,0022400812,517,201939,Stephen Curry,1610612744,Golden State Warriors,3,1,4,Missed Shot,Step Back Jump shot,3PT Field Goal,Above the Break 3,Center(C),24+ ft.,31,48,309,1,0,20250223,GSW,DAL
Shot Chart Detail,0022400834,50,201939,Stephen Curry,1610612744,Golden State Warriors,1,7,25,Missed Shot,Jump Shot,3PT Field Goal,Above the Break 3,Center(C),24+ ft.,26,26,268,1,0,20250225,GSW,CHA
Shot Chart Detail,0022400834,61,201939,Stephen Curry,1610612744,Golden State Warriors,1,6,51,Missed Shot,Cutting Layup Shot,2PT Field Goal,Restricted Area,Center(C),Less Than 8 ft.,2,7,29,1,0,20250225,GSW,CHA
Shot Chart Detail,0022400834,72,201939,Stephen Curry,1610612744,Golden State Warriors,1,5,58,Missed Shot,Pullup Jump shot,3PT Field Goal,Above the Break 3,Center(C),24+ ft.,26,81,252,1,0,20250225,GSW,CHA
Shot Chart Detail,0022400834,88,201939,Stephen Curry,1610612744,Golden State Warriors,1,4,54,Missed Shot,Pullup Jump shot,3PT Field Goal,Above the Break 3,Right Side Center(RC),24+ ft.,28,124,256,1,0,20250225,GSW,CHA
Shot Chart Detail,0022400834,104,201939,Stephen Curry,1610612744,Golden State Warriors,1,3,46,Made Shot,Jump Shot,3PT Field Goal,Above the Break 3,Center(C),24+ ft.,26,75,252,1,1,20250225,GSW,CHA
Shot Chart Detail,0022400834,108,201939,Stephen Curry,1610612744,Golden State Warriors,1,3,14,Made Shot,Pullup Jump shot,3PT Field Goal,Above the Break 3,Center(C),24+ ft.,25,-76,243,1,1,20250225,GSW,CHA
Shot Chart Detail,0022400834,118,201939,Stephen Curry,1610612744,Golden State Warriors,1,2,38,Made Shot,Driving Finger Roll Layup Shot,2PT Field Goal,In The Paint (Non-RA),Center(C),Less Than 8 ft.,4,20,43,1,1,20250225,GSW,CHA
Shot Chart Detail,0022400834,316,201939,Stephen Curry,1610612744,Golden State Warriors,2,1,5,Missed Shot,Jump Shot,3PT Field Goal,Above the Break 3,Center(C),24+ ft.,26,-9,263,1,0,20250225,GSW,CHA
Shot Chart Detail,0022400834,353,201939,Stephen Curry,1610612744,Golden State Warriors,3,11,41,Missed Shot,Jump Shot,3PT Field Goal,Left Corner 3,Left Side(L),24+ ft.,24,-246,-3,1,0,20250225,GSW,CHA
Shot Chart Detail,0022400834,366,201939,Stephen Curry,1610612744,Golden State Warriors,3,10,52,Made Shot,Driving Finger Roll Layup Shot,2PT Field Goal,In The Paint (Non-RA),Center(C),Less Than 8 ft.,4,-38,32,1,1,20250225,GSW,CHA
Shot Chart Detail,0022400834,392,201939,Stephen Curry,1610612744,Golden State Warriors,3,9,0,Made Shot,Pullup Jump shot,2PT Field Goal,Mid-Range,Right Side(R),16-24 ft.,16,151,57,1,1,20250225,GSW,CHA
Shot Chart Detail,0022400834,402,201939,Stephen Curry,1610612744,Golden State Warriors,3,7,59,Missed Shot,Pullup Jump shot,3PT Field Goal,Above the Break 3,Right Side Center(RC),24+ ft.,24,184,163,1,0,20250225,GSW,CHA
Shot Chart Detail,0022400834,439,201939,Stephen Curry,1610612744,Golden State Warriors,3,5,27,Made Shot,Cutting Finger Roll Layup Shot,2PT Field Goal,Restricted Area,Center(C),Less Than 8 ft.,2,-28,6,1,1,20250225,GSW,CHA
Shot Chart Detail,0022400834,472,201939,Stephen Curry,1610612744,Golden State Warriors,3,3,51,Missed Shot,Jump Shot,3PT Field Goal,Above the Break 3,Right Side Center(RC),24+ ft.,26,145,220,1,0,20250225,GSW,CHA
Shot Chart Detail,0022400845,28,201939,Stephen Curry,1610612744,Golden State Warriors,1,8,53,Made Shot,Jump Shot,3PT Field Goal,Above the Break 3,Right Side Center(RC),24+ ft.,28,214,193,1,1,20250227,ORL,GSW
Shot Chart Detail,0022400845,64,201939,Stephen Curry,1610612744,Golden State Warriors,1,5,56,Missed Shot,Pullup Jump shot,3PT Field Goal,Above the Break 3,Left Side Center(LC),24+ ft.,31,-151,274,1,0,20250227,ORL,GSW
Shot Chart Detail,0022400845,95,201939,Stephen Curry,1610612744,Golden State Warriors,1,3,44,Made Shot,Driving Reverse Layup Shot,2PT Field Goal,Restricted Area,Center(C),Less Than 8 ft.,3,-29,25,1,1,20250227,ORL,GSW
Shot Chart Detail,0022400845,208,201939,Stephen Curry,1610612744,Golden State Warriors,2,7,49,Made Shot,Pullup Jump shot,3PT Field Goal,Above the Break 3,Right Side Center(RC),24+ ft.,31,140,287,1,1,20250227,ORL,GSW
Shot Chart Detail,0022400845,225,201939,Stephen Curry,1610612744,Golden State Warriors,2,6,53,Made Shot,Running Layup Shot,2PT Field Goal,In The Paint (Non-RA),Center(C),Less Than 8 ft.,5,17,49,1,1,20250227,ORL,GSW
Shot Chart Detail,0022400845,236,201939,Stephen Curry,1610612744,Golden State Warriors,2,5,57,Made Shot,Running Pull-Up Jump Shot,3PT Field Goal,Above the Break 3,Center(C),24+ ft.,30,-18,308,1,1,20250227,ORL,GSW
Shot Chart Detail,0022400845,240,201939,Stephen Curry,1610612744,Golden State Warriors,2,5,24,Missed Shot,Pullup Jump shot,2PT Field Goal,Mid-Range,Center(C),16-24 ft.,22,50,218,1,0,20250227,ORL,GSW
Shot Chart Detail,0022400845,250,201939,Stephen Curry,1610612744,Golden State Warriors,2,5,12,Missed Shot,Driving Layup Shot,2PT Field Goal,Mid-Range,Left Side(L),8-16 ft.,8,-88,7,1,0,20250227,ORL,GSW
Shot Chart Detail,0022400845,263,201939,Stephen Curry,1610612744,Golden State Warriors,2,3,58,Made Shot,Step Back Jump shot,3PT Field Goal,Above the Break 3,Right Side Center(RC),24+ ft.,27,113,246,1,1,20250227,ORL,GSW
Shot Chart Detail,0022400845,306,201939,Stephen Curry,1610612744,Golden State Warriors,2,0,40,Missed Shot,Step Back Jump shot,3PT Field Goal,Above the Break 3,Left Side Center(LC),24+ ft.,30,-191,236,1,0,20250227,ORL,GSW
Shot Chart Detail,0022400845,313,201939,Stephen Curry,1610612744,Golden State Warriors,2,0,0,Made Shot,Pullup Jump shot,3PT Field Goal,Backcourt,Back Court(BC),Back Court Shot,50,61,504,1,1,20250227,ORL,GSW
Shot Chart Detail,0022400845,329,201939,Stephen Curry,1610612744,Golden State Warriors,3,11,27,Made Shot,Pullup Jump shot,3PT Field Goal,Above the Break 3,Right Side Center(RC),24+ ft.,26,217,146,1,1,20250227,ORL,GSW
Shot Chart Detail,0022400845,378,201939,Stephen Curry,1610612744,Golden State Warriors,3,7,41,Missed Shot,Jump Shot,3PT Field Goal,Above the Break 3,Right Side Center(RC),24+ ft.,27,206,182,1,0,20250227,ORL,GSW
Shot Chart Detail,0022400845,388,201939,Stephen Curry,1610612744,Golden State Warriors,3,7,9,Made Shot,Jump Shot,3PT Field Goal,Above the Break 3,Right Side Center(RC),24+ ft.,26,142,228,1,1,20250227,ORL,GSW
Shot Chart Detail,0022400845,408,201939,Stephen Curry,1610612744,Golden State Warriors,3,5,50,Made Shot,Step Back Jump shot,3PT Field Goal,Above the Break 3,Left Side Center(LC),24+ ft.,27,-204,184,1,1,20250227,ORL,GSW
Shot Chart Detail,0022400845,411,201939,Stephen Curry,1610612744,Golden State Warriors,3,5,29,Made Shot,Running Jump Shot,3PT Field Goal,Right Corner 3,Right Side(R),24+ ft.,24,234,70,1,1,20250227,ORL,GSW
Shot Chart Detail,0022400845,441,201939,Stephen Curry,1610612744,Golden State Warriors,3,4,13,Made Shot,Pullup Jump shot,2PT Field Goal,Mid-Range,Center(C),16-24 ft.,16,37,159,1,1,20250227,ORL,GSW
Shot Chart Detail,0022400845,446,201939,Stephen Curry,1610612744,Golden State Warriors,3,3,38,Made Shot,Pullup Jump shot,2PT Field Goal,In The Paint (Non-RA),Center(C),8-16 ft.,12,62,113,1,1,20250227,ORL,GSW
Shot Chart Detail,0022400845,449,201939,Stephen Curry,1610612744,Golden State Warriors,3,3,10,Missed Shot,Pullup Jump shot,3PT Field Goal,Above the Break 3,Left Side Center(LC),24+ ft.,27,-201,187,1,0,20250227,ORL,GSW
Shot Chart Detail,0022400845,580,201939,Stephen Curry,1610612744,Golden State Warriors,4,5,58,Missed Shot,Jump Shot,3PT Field Goal,Above the Break 3,Right Side Center(RC),24+ ft.,27,220,167,1,0,20250227,ORL,GSW
Shot Chart Detail,0022400845,616,201939,Stephen Curry,1610612744,Golden State Warriors,4,4,1,Made Shot,Jump Shot,3PT Field Goal,Above the Break 3,Right Side Center(RC),24+ ft.,26,201,178,1,1,20250227,ORL,GSW
Shot Chart Detail,0022400845,634,201939,Stephen Curry,1610612744,Golden State Warriors,4,2,37,Made Shot,Jump Shot,3PT Field Goal,Above the Break 3,Left Side Center(LC),24+ ft.,27,-174,219,1,1,20250227,ORL,GSW
Shot Chart Detail,0022400845,638,201939,Stephen Curry,1610612744,Golden State Warriors,4,2,7,Missed Shot,Jump Shot,3PT Field Goal,Above the Break 3,Right Side Center(RC),24+ ft.,27,189,197,1,0,20250227,ORL,GSW
Shot Chart Detail,0022400845,646,201939,Stephen Curry,1610612744,Golden State Warriors,4,1,31,Made Shot,Pullup Jump shot,3PT Field Goal,Above the Break 3,Right Side Center(RC),24+ ft.,28,103,262,1,1,20250227,ORL,GSW
Shot Chart Detail,0022400845,654,201939,Stephen Curry,1610612744,Golden State Warriors,4,1,4,Missed Shot,Pullup Jump shot,3PT Field Goal,Above the Break 3,Right Side Center(RC),24+ ft.,27,205,188,1,0,20250227,ORL,GSW
Shot Chart Detail,0022400864,21,201939,Stephen Curry,1610612744,Golden State Warriors,1,10,30,Made Shot,Jump Shot,3PT Field Goal,Above the Break 3,Center(C),24+ ft.,26,-9,264,1,1,20250301,PHI,GSW
Shot Chart Detail,0022400864,43,201939,Stephen Curry,1610612744,Golden State Warriors,1,9,2,Missed Shot,Pullup Jump shot,3PT Field Goal,Above the Break 3,Center(C),24+ ft.,25,-54,252,1,0,20250301,PHI,GSW
Shot Chart Detail,0022400864,53,201939,Stephen Curry,1610612744,Golden State Warriors,1,8,12,Missed Shot,Fadeaway Jump Shot,2PT Field Goal,Mid-Range,Left Side(L),8-16 ft.,9,-98,11,1,0,20250301,PHI,GSW
Shot Chart Detail,0022400864,93,201939,Stephen Curry,1610612744,Golden State Warriors,1,5,42,Made Shot,Cutting Layup Shot,2PT Field Goal,Restricted Area,Center(C),Less Than 8 ft.,1,10,5,1,1,20250301,PHI,GSW
Shot Chart Detail,0022400864,99,201939,Stephen Curry,1610612744,Golden State Warriors,1,4,56,Made Shot,Jump Shot,3PT Field Goal,Above the Break 3,Left Side Center(LC),24+ ft.,25,-172,187,1,1,20250301,PHI,GSW
Shot Chart Detail,0022400864,118,201939,Stephen Curry,1610612744,Golden State Warriors,1,3,44,Made Shot,Running Pull-Up Jump Shot,3PT Field Goal,Above the Break 3,Right Side Center(RC),24+ ft.,30,112,287,1,1,20250301,PHI,GSW
Shot Chart Detail,0022400864,127,201939,Stephen Curry,1610612744,Golden State Warriors,1,3,0,Missed Shot,Running Pull-Up Jump Shot,3PT Field Goal,Above the Break 3,Center(C),24+ ft.,29,28,294,1,0,20250301,PHI,GSW
Shot Chart Detail,0022400864,301,201939,Stephen Curry,1610612744,Golden State Warriors,2,3,53,Missed Shot,Running Jump Shot,3PT Field Goal,Above the Break 3,Center(C),24+ ft.,24,72,239,1,0,20250301,PHI,GSW
Shot Chart Detail,0022400864,313,201939,Stephen Curry,1610612744,Golden State Warriors,2,3,24,Made Shot,Driving Finger Roll Layup Shot,2PT Field Goal,In The Paint (Non-RA),Center(C),Less Than 8 ft.,4,47,9,1,1,20250301,PHI,GSW
Shot Chart Detail,0022400864,328,201939,Stephen Curry,1610612744,Golden State Warriors,2,1,53,Made Shot,Driving Finger Roll Layup Shot,2PT Field Goal,Restricted Area,Center(C),Less Than 8 ft.,1,11,5,1,1,20250301,PHI,GSW
Shot Chart Detail,0022400864,352,201939,Stephen Curry,1610612744,Golden State Warriors,2,0,24,Missed Shot,Pullup Jump shot,3PT Field Goal,Above the Break 3,Left Side Center(LC),24+ ft.,24,-94,231,1,0,20250301,PHI,GSW
Shot Chart Detail,0022400864,422,201939,Stephen Curry,1610612744,Golden State Warriors,3,8,2,Made Shot,Pullup Jump shot,3PT Field Goal,Above the Break 3,Center(C),24+ ft.,27,6,278,1,1,20250301,PHI,GSW
Shot Chart Detail,0022400864,485,201939,Stephen Curry,1610612744,Golden State Warriors,3,3,40,Made Shot,Step Back Jump shot,3PT Field Goal,Above the Break 3,Right Side Center(RC),24+ ft.,26,212,165,1,1,20250301,PHI,GSW
Shot Chart Detail,0022400864,496,201939,Stephen Curry,1610612744,Golden State Warriors,3,3,7,Made Shot,Driving Reverse Layup Shot,2PT Field Goal,Restricted Area,Center(C),Less Than 8 ft.,3,-28,13,1,1,20250301,PHI,GSW
Shot Chart Detail,0022400864,619,201939,Stephen Curry,1610612744,Golden State Warriors,4,7,13,Made Shot,Running Dunk Shot,2PT Field Goal,Restricted Area,Center(C),Less Than 8 ft.,2,-5,21,1,1,20250301,PHI,GSW
Shot Chart Detail,0022400864,633,201939,Stephen Curry,1610612744,Golden State Warriors,4,6,6,Missed Shot,Jump Shot,3PT Field Goal,Above the Break 3,Left Side Center(LC),24+ ft.,28,-192,209,1,0,20250301,PHI,GSW
Shot Chart Detail,0022400864,637,201939,Stephen Curry,1610612744,Golden State Warriors,4,5,35,Missed Shot,Pullup Jump shot,3PT Field Goal,Above the Break 3,Center(C),24+ ft.,26,-18,263,1,0,20250301,PHI,GSW
Shot Chart Detail,0022400864,703,201939,Stephen Curry,1610612744,Golden State Warriors,4,0,33,Missed Shot,Pullup Jump shot,3PT Field Goal,Above the Break 3,Center(C),24+ ft.,26,55,264,1,0,20250301,PHI,GSW
Shot Chart Detail,0022400875,62,201939,Stephen Curry,1610612744,Golden State Warriors,1,7,12,Made Shot,Jump Shot,2PT Field Goal,Mid-Range,Left Side Center(LC),16-24 ft.,19,-129,149,1,1,20250303,CHA,GSW
Shot Chart Detail,0022400875,70,201939,Stephen Curry,1610612744,Golden State Warriors,1,6,39,Made Shot,Jump Shot,3PT Field Goal,Above the Break 3,Right Side Center(RC),24+ ft.,25,89,243,1,1,20250303,CHA,GSW
Shot Chart Detail,0022400875,80,201939,Stephen Curry,1610612744,Golden State Warriors,1,6,14,Missed Shot,Pullup Jump shot,3PT Field Goal,Above the Break 3,Center(C),24+ ft.,26,11,263,1,0,20250303,CHA,GSW
Shot Chart Detail,0022400875,98,201939,Stephen Curry,1610612744,Golden State Warriors,1,4,56,Made Shot,Cutting Layup Shot,2PT Field Goal,Restricted Area,Center(C),Less Than 8 ft.,3,34,16,1,1,20250303,CHA,GSW
Shot Chart Detail,0022400875,120,201939,Stephen Curry,1610612744,Golden State Warriors,1,3,53,Missed Shot,Jump Shot,3PT Field Goal,Above the Break 3,Right Side Center(RC),24+ ft.,25,185,174,1,0,20250303,CHA,GSW
Shot Chart Detail,0022400875,315,201939,Stephen Curry,1610612744,Golden State Warriors,2,3,15,Missed Shot,Running Pull-Up Jump Shot,3PT Field Goal,Above the Break 3,Right Side Center(RC),24+ ft.,26,92,246,1,0,20250303,CHA,GSW
Shot Chart Detail,0022400875,325,201939,Stephen Curry,1610612744,Golden State Warriors,2,2,50,Made Shot,Jump Shot,3PT Field Goal,Above the Break 3,Center(C),24+ ft.,27,-82,260,1,1,20250303,CHA,GSW
Shot Chart Detail,0022400875,455,201939,Stephen Curry,1610612744,Golden State Warriors,3,8,0,Missed Shot,Pullup Jump shot,3PT Field Goal,Above the Break 3,Center(C),24+ ft.,32,-56,318,1,0,20250303,CHA,GSW
Shot Chart Detail,0022400875,465,201939,Stephen Curry,1610612744,Golden State Warriors,3,7,12,Missed Shot,Jump Shot,3PT Field Goal,Above the Break 3,Left Side Center(LC),24+ ft.,25,-189,176,1,0,20250303,CHA,GSW
Shot Chart Detail,0022400875,481,201939,Stephen Curry,1610612744,Golden State Warriors,3,6,7,Missed Shot,Driving Finger Roll Layup Shot,2PT Field Goal,Restricted Area,Center(C),Less Than 8 ft.,2,-5,29,1,0,20250303,CHA,GSW
Shot Chart Detail,0022400875,503,201939,Stephen Curry,1610612744,Golden State Warriors,3,5,0,Missed Shot,Driving Layup Shot,2PT Field Goal,Restricted Area,Center(C),Less Than 8 ft.,3,25,27,1,0,20250303,CHA,GSW
Shot Chart Detail,0022400875,516,201939,Stephen Curry,1610612744,Golden State Warriors,3,4,21,Made Shot,Jump Shot,2PT Field Goal,In The Paint (Non-RA),Center(C),8-16 ft.,12,5,124,1,1,20250303,CHA,GSW
Shot Chart Detail,0022400875,541,201939,Stephen Curry,1610612744,Golden State Warriors,3,3,24,Made Shot,Running Jump Shot,3PT Field Goal,Above the Break 3,Right Side Center(RC),24+ ft.,28,180,216,1,1,20250303,CHA,GSW
Shot Chart Detail,0022400875,716,201939,Stephen Curry,1610612744,Golden State Warriors,4,2,41,Missed Shot,Jump Shot,3PT Field Goal,Above the Break 3,Left Side Center(LC),24+ ft.,25,-190,169,1,0,20250303,CHA,GSW
Shot Chart Detail,0022400885,29,201939,Stephen Curry,1610612744,Golden State Warriors,1,8,55,Made Shot,Cutting Layup Shot,2PT Field Goal,Restricted Area,Center(C),Less Than 8 ft.,1,15,7,1,1,20250304,NYK,GSW
Shot Chart Detail,0022400885,36,201939,Stephen Curry,1610612744,Golden State Warriors,1,8,23,Missed Shot,Jump Shot,3PT Field Goal,Above the Break 3,Center(C),24+ ft.,25,0,259,1,0,20250304,NYK,GSW
Shot Chart Detail,0022400885,64,201939,Stephen Curry,1610612744,Golden State Warriors,1,6,22,Made Shot,Step Back Jump shot,3PT Field Goal,Above the Break 3,Right Side Center(RC),24+ ft.,25,192,167,1,1,20250304,NYK,GSW
Shot Chart Detail,0022400885,73,201939,Stephen Curry,1610612744,Golden State Warriors,1,5,45,Missed Shot,Driving Finger Roll Layup Shot,2PT Field Goal,Restricted Area,Center(C),Less Than 8 ft.,2,25,11,1,0,20250304,NYK,GSW
Shot Chart Detail,0022400885,223,201939,Stephen Curry,1610612744,Golden State Warriors,2,6,39,Missed Shot,Driving Layup Shot,2PT Field Goal,Restricted Area,Center(C),Less Than 8 ft.,1,17,8,1,0,20250304,NYK,GSW
Shot Chart Detail,0022400885,249,201939,Stephen Curry,1610612744,Golden State Warriors,2,4,59,Missed Shot,Jump Shot,3PT Field Goal,Above the Break 3,Left Side Center(LC),24+ ft.,25,-205,149,1,0,20250304,NYK,GSW
Shot Chart Detail,0022400885,264,201939,Stephen Curry,1610612744,Golden State Warriors,2,3,55,Missed Shot,Driving Finger Roll Layup Shot,2PT Field Goal,Restricted Area,Center(C),Less Than 8 ft.,1,11,6,1,0,20250304,NYK,GSW
Shot Chart Detail,0022400885,271,201939,Stephen Curry,1610612744,Golden State Warriors,2,3,25,Made Shot,Driving Reverse Layup Shot,2PT Field Goal,Restricted Area,Center(C),Less Than 8 ft.,0,6,1,1,1,20250304,NYK,GSW
Shot Chart Detail,0022400885,312,201939,Stephen Curry,1610612744,Golden State Warriors,2,0,34,Missed Shot,Driving Finger Roll Layup Shot,2PT Field Goal,In The Paint (Non-RA),Center(C),Less Than 8 ft.,4,6,42,1,0,20250304,NYK,GSW
Shot Chart Detail,0022400885,328,201939,Stephen Curry,1610612744,Golden State Warriors,3,11,44,Missed Shot,Driving Layup Shot,2PT Field Goal,In The Paint (Non-RA),Center(C),Less Than 8 ft.,6,16,61,1,0,20250304,NYK,GSW
Shot Chart Detail,0022400885,338,201939,Stephen Curry,1610612744,Golden State Warriors,3,10,53,Made Shot,Cutting Layup Shot,2PT Field Goal,Restricted Area,Center(C),Less Than 8 ft.,1,13,11,1,1,20250304,NYK,GSW
Shot Chart Detail,0022400885,342,201939,Stephen Curry,1610612744,Golden State Warriors,3,10,31,Made Shot,Step Back Jump shot,2PT Field Goal,Mid-Range,Left Side(L),8-16 ft.,14,-126,69,1,1,20250304,NYK,GSW
Shot Chart Detail,0022400885,358,201939,Stephen Curry,1610612744,Golden State Warriors,3,9,11,Missed Shot,Running Jump Shot,3PT Field Goal,Above the Break 3,Right Side Center(RC),24+ ft.,27,190,199,1,0,20250304,NYK,GSW
Shot Chart Detail,0022400885,380,201939,Stephen Curry,1610612744,Golden State Warriors,3,7,31,Made Shot,Jump Shot,3PT Field Goal,Above the Break 3,Right Side Center(RC),24+ ft.,27,140,232,1,1,20250304,NYK,GSW
Shot Chart Detail,0022400885,399,201939,Stephen Curry,1610612744,Golden State Warriors,3,5,26,Missed Shot,Driving Layup Shot,2PT Field Goal,Restricted Area,Center(C),Less Than 8 ft.,3,-31,15,1,0,20250304,NYK,GSW
Shot Chart Detail,0022400885,423,201939,Stephen Curry,1610612744,Golden State Warriors,3,4,17,Made Shot,Step Back Jump shot,2PT Field Goal,Mid-Range,Right Side(R),8-16 ft.,13,81,104,1,1,20250304,NYK,GSW
Shot Chart Detail,0022400885,431,201939,Stephen Curry,1610612744,Golden State Warriors,3,3,28,Made Shot,Pullup Jump shot,3PT Field Goal,Above the Break 3,Center(C),24+ ft.,26,48,257,1,1,20250304,NYK,GSW
Shot Chart Detail,0022400885,434,201939,Stephen Curry,1610612744,Golden State Warriors,3,3,8,Missed Shot,Running Pull-Up Jump Shot,3PT Field Goal,Above the Break 3,Right Side Center(RC),24+ ft.,26,100,245,1,0,20250304,NYK,GSW
Shot Chart Detail,0022400885,577,201939,Stephen Curry,1610612744,Golden State Warriors,4,5,15,Made Shot,Jump Shot,3PT Field Goal,Above the Break 3,Right Side Center(RC),24+ ft.,24,201,148,1,1,20250304,NYK,GSW
Shot Chart Detail,0022400885,585,201939,Stephen Curry,1610612744,Golden State Warriors,4,4,3,Missed Shot,Driving Hook Shot,2PT Field Goal,In The Paint (Non-RA),Center(C),Less Than 8 ft.,6,4,68,1,0,20250304,NYK,GSW
Shot Chart Detail,0022400885,636,201939,Stephen Curry,1610612744,Golden State Warriors,4,1,29,Made Shot,Jump Shot,3PT Field Goal,Above the Break 3,Right Side Center(RC),24+ ft.,25,123,226,1,1,20250304,NYK,GSW
Shot Chart Detail,0022400901,50,201939,Stephen Curry,1610612744,Golden State Warriors,1,7,52,Made Shot,Jump Shot,3PT Field Goal,Above the Break 3,Left Side Center(LC),24+ ft.,26,-140,222,1,1,20250306,BKN,GSW
Shot Chart Detail,0022400901,73,201939,Stephen Curry,1610612744,Golden State Warriors,1,6,2,Missed Shot,Jump Shot,3PT Field Goal,Above the Break 3,Left Side Center(LC),24+ ft.,27,-131,238,1,0,20250306,BKN,GSW
Shot Chart Detail,0022400901,114,201939,Stephen Curry,1610612744,Golden State Warriors,1,3,46,Made Shot,Driving Floating Bank Jump Shot,2PT Field Goal,In The Paint (Non-RA),Center(C),Less Than 8 ft.,7,-59,41,1,1,20250306,BKN,GSW
Shot Chart Detail,0022400901,119,201939,Stephen Curry,1610612744,Golden State Warriors,1,3,2,Made Shot,Driving Finger Roll Layup Shot,2PT Field Goal,In The Paint (Non-RA),Center(C),Less Than 8 ft.,5,42,33,1,1,20250306,BKN,GSW
Shot Chart Detail,0022400901,121,201939,Stephen Curry,1610612744,Golden State Warriors,1,2,32,Missed Shot,Driving Floating Jump Shot,2PT Field Goal,Mid-Range,Left Side(L),8-16 ft.,12,-102,67,1,0,20250306,BKN,GSW
Shot Chart Detail,0022400901,258,201939,Stephen Curry,1610612744,Golden State Warriors,2,4,31,Missed Shot,Jump Shot,3PT Field Goal,Above the Break 3,Center(C),24+ ft.,26,29,267,1,0,20250306,BKN,GSW
Shot Chart Detail,0022400901,260,201939,Stephen Curry,1610612744,Golden State Warriors,2,4,25,Missed Shot,Jump Shot,3PT Field Goal,Above the Break 3,Left Side Center(LC),24+ ft.,25,-123,221,1,0,20250306,BKN,GSW
Shot Chart Detail,0022400901,289,201939,Stephen Curry,1610612744,Golden State Warriors,2,2,40,Made Shot,Running Jump Shot,3PT Field Goal,Above the Break 3,Left Side Center(LC),24+ ft.,26,-157,209,1,1,20250306,BKN,GSW
Shot Chart Detail,0022400901,301,201939,Stephen Curry,1610612744,Golden State Warriors,2,2,10,Made Shot,Running Jump Shot,3PT Field Goal,Above the Break 3,Left Side Center(LC),24+ ft.,26,-159,216,1,1,20250306,BKN,GSW
Shot Chart Detail,0022400901,322,201939,Stephen Curry,1610612744,Golden State Warriors,2,0,26,Missed Shot,Tip Layup Shot,2PT Field Goal,Restricted Area,Center(C),Less Than 8 ft.,0,0,0,1,0,20250306,BKN,GSW
Shot Chart Detail,0022400901,327,201939,Stephen Curry,1610612744,Golden State Warriors,2,0,0,Made Shot,Turnaround Jump Shot,3PT Field Goal,Above the Break 3,Center(C),24+ ft.,38,78,373,1,1,20250306,BKN,GSW
Shot Chart Detail,0022400901,347,201939,Stephen Curry,1610612744,Golden State Warriors,3,10,58,Made Shot,Driving Layup Shot,2PT Field Goal,Restricted Area,Center(C),Less Than 8 ft.,0,-5,6,1,1,20250306,BKN,GSW
Shot Chart Detail,0022400901,358,201939,Stephen Curry,1610612744,Golden State Warriors,3,10,3,Made Shot,Driving Finger Roll Layup Shot,2PT Field Goal,Restricted Area,Center(C),Less Than 8 ft.,1,-13,6,1,1,20250306,BKN,GSW
Shot Chart Detail,0022400901,374,201939,Stephen Curry,1610612744,Golden State Warriors,3,8,18,Missed Shot,Pullup Jump shot,3PT Field Goal,Above the Break 3,Right Side Center(RC),24+ ft.,27,115,245,1,0,20250306,BKN,GSW
Shot Chart Detail,0022400901,415,201939,Stephen Curry,1610612744,Golden State Warriors,3,5,37,Made Shot,Jump Shot,3PT Field Goal,Right Corner 3,Right Side(R),24+ ft.,22,228,6,1,1,20250306,BKN,GSW
Shot Chart Detail,0022400901,589,201939,Stephen Curry,1610612744,Golden State Warriors,4,6,16,Made Shot,Driving Reverse Layup Shot,2PT Field Goal,Restricted Area,Center(C),Less Than 8 ft.,1,-12,4,1,1,20250306,BKN,GSW
Shot Chart Detail,0022400901,604,201939,Stephen Curry,1610612744,Golden State Warriors,4,5,23,Made Shot,Jump Shot,3PT Field Goal,Above the Break 3,Right Side Center(RC),24+ ft.,25,136,213,1,1,20250306,BKN,GSW
Shot Chart Detail,0022400901,647,201939,Stephen Curry,1610612744,Golden State Warriors,4,2,20,Missed Shot,Pullup Jump shot,3PT Field Goal,Above the Break 3,Left Side Center(LC),24+ ft.,25,-159,197,1,0,20250306,BKN,GSW
Shot Chart Detail,0022400901,668,201939,Stephen Curry,1610612744,Golden State Warriors,4,1,1,Made Shot,Jump Shot,3PT Field Goal,Left Corner 3,Left Side(L),24+ ft.,22,-224,-28,1,1,20250306,BKN,GSW
Shot Chart Detail,0022400901,685,201939,Stephen Curry,1610612744,Golden State Warriors,4,0,26,Missed Shot,Pullup Jump shot,3PT Field Goal,Above the Break 3,Center(C),24+ ft.,32,-83,311,1,0,20250306,BKN,GSW
Shot Chart Detail,0022400919,11,201939,Stephen Curry,1610612744,Golden State Warriors,1,11,11,Missed Shot,Jump Shot,3PT Field Goal,Above the Break 3,Right Side Center(RC),24+ ft.,27,165,216,1,0,20250308,GSW,DET
Shot Chart Detail,0022400919,23,201939,Stephen Curry,1610612744,Golden State Warriors,1,9,41,Missed Shot,Jump Shot,3PT Field Goal,Left Corner 3,Left Side(L),24+ ft.,23,-232,-13,1,0,20250308,GSW,DET
Shot Chart Detail,0022400919,25,201939,Stephen Curry,1610612744,Golden State Warriors,1,9,36,Made Shot,Jump Shot,3PT Field Goal,Left Corner 3,Left Side(L),24+ ft.,24,-240,23,1,1,20250308,GSW,DET
Shot Chart Detail,0022400919,76,201939,Stephen Curry,1610612744,Golden State Warriors,1,5,36,Made Shot,Step Back Jump shot,2PT Field Goal,Mid-Range,Right Side Center(RC),16-24 ft.,18,105,158,1,1,20250308,GSW,DET
Shot Chart Detail,0022400919,91,201939,Stephen Curry,1610612744,Golden State Warriors,1,4,30,Missed Shot,Step Back Jump shot,3PT Field Goal,Above the Break 3,Center(C),24+ ft.,26,40,267,1,0,20250308,GSW,DET
Shot Chart Detail,0022400919,344,201939,Stephen Curry,1610612744,Golden State Warriors,2,4,24,Made Shot,Fadeaway Jump Shot,2PT Field Goal,Mid-Range,Right Side(R),8-16 ft.,11,108,22,1,1,20250308,GSW,DET
Shot Chart Detail,0022400919,346,201939,Stephen Curry,1610612744,Golden State Warriors,2,4,0,Missed Shot,Fadeaway Jump Shot,2PT Field Goal,Mid-Range,Right Side(R),8-16 ft.,13,130,18,1,0,20250308,GSW,DET
Shot Chart Detail,0022400919,389,201939,Stephen Curry,1610612744,Golden State Warriors,2,2,4,Missed Shot,Step Back Jump shot,3PT Field Goal,Above the Break 3,Right Side Center(RC),24+ ft.,26,152,223,1,0,20250308,GSW,DET
Shot Chart Detail,0022400919,414,201939,Stephen Curry,1610612744,Golden State Warriors,2,0,35,Missed Shot,Step Back Jump shot,3PT Field Goal,Above the Break 3,Center(C),24+ ft.,29,81,280,1,0,20250308,GSW,DET
Shot Chart Detail,0022400919,447,201939,Stephen Curry,1610612744,Golden State Warriors,3,11,34,Missed Shot,Step Back Jump shot,3PT Field Goal,Above the Break 3,Center(C),24+ ft.,25,-66,245,1,0,20250308,GSW,DET
Shot Chart Detail,0022400919,469,201939,Stephen Curry,1610612744,Golden State Warriors,3,10,9,Made Shot,Jump Shot,3PT Field Goal,Above the Break 3,Right Side Center(RC),24+ ft.,28,195,201,1,1,20250308,GSW,DET
Shot Chart Detail,0022400919,494,201939,Stephen Curry,1610612744,Golden State Warriors,3,8,32,Made Shot,Jump Shot,3PT Field Goal,Above the Break 3,Right Side Center(RC),24+ ft.,27,148,226,1,1,20250308,GSW,DET
Shot Chart Detail,0022400919,545,201939,Stephen Curry,1610612744,Golden State Warriors,3,5,8,Missed Shot,Step Back Jump shot,2PT Field Goal,Mid-Range,Right Side(R),8-16 ft.,14,138,-29,1,0,20250308,GSW,DET
Shot Chart Detail,0022400919,550,201939,Stephen Curry,1610612744,Golden State Warriors,3,4,50,Missed Shot,Jump Shot,3PT Field Goal,Above the Break 3,Center(C),24+ ft.,24,74,238,1,0,20250308,GSW,DET
Shot Chart Detail,0022400919,661,201939,Stephen Curry,1610612744,Golden State Warriors,4,8,24,Made Shot,Cutting Layup Shot,2PT Field Goal,Restricted Area,Center(C),Less Than 8 ft.,3,-25,17,1,1,20250308,GSW,DET
Shot Chart Detail,0022400919,668,201939,Stephen Curry,1610612744,Golden State Warriors,4,7,54,Missed Shot,Step Back Jump shot,3PT Field Goal,Above the Break 3,Right Side Center(RC),24+ ft.,26,203,171,1,0,20250308,GSW,DET
Shot Chart Detail,0022400919,689,201939,Stephen Curry,1610612744,Golden State Warriors,4,6,51,Missed Shot,Pullup Jump shot,3PT Field Goal,Above the Break 3,Right Side Center(RC),24+ ft.,25,85,243,1,0,20250308,GSW,DET
Shot Chart Detail,0022400919,705,201939,Stephen Curry,1610612744,Golden State Warriors,4,6,6,Missed Shot,Jump Shot,3PT Field Goal,Above the Break 3,Right Side Center(RC),24+ ft.,26,213,152,1,0,20250308,GSW,DET
Shot Chart Detail,0022400919,721,201939,Stephen Curry,1610612744,Golden State Warriors,4,5,17,Missed Shot,Fadeaway Jump Shot,3PT Field Goal,Above the Break 3,Right Side Center(RC),24+ ft.,26,223,150,1,0,20250308,GSW,DET
Shot Chart Detail,0022400919,738,201939,Stephen Curry,1610612744,Golden State Warriors,4,4,8,Missed Shot,Driving Layup Shot,2PT Field Goal,In The Paint (Non-RA),Center(C),Less Than 8 ft.,5,50,32,1,0,20250308,GSW,DET
Shot Chart Detail,0022400919,740,201939,Stephen Curry,1610612744,Golden State Warriors,4,4,0,Made Shot,Step Back Bank Jump Shot,3PT Field Goal,Above the Break 3,Right Side Center(RC),24+ ft.,28,205,204,1,1,20250308,GSW,DET
Shot Chart Detail,0022400919,759,201939,Stephen Curry,1610612744,Golden State Warriors,4,2,45,Made Shot,Cutting Layup Shot,2PT Field Goal,Restricted Area,Center(C),Less Than 8 ft.,2,-21,17,1,1,20250308,GSW,DET
Shot Chart Detail,0022400938,12,201939,Stephen Curry,1610612744,Golden State Warriors,1,11,9,Missed Shot,Jump Shot,2PT Field Goal,Mid-Range,Left Side(L),16-24 ft.,21,-210,-7,1,0,20250310,GSW,POR
Shot Chart Detail,0022400938,36,201939,Stephen Curry,1610612744,Golden State Warriors,1,8,55,Made Shot,Jump Shot,3PT Field Goal,Above the Break 3,Left Side Center(LC),24+ ft.,25,-214,146,1,1,20250310,GSW,POR
Shot Chart Detail,0022400938,86,201939,Stephen Curry,1610612744,Golden State Warriors,1,5,23,Made Shot,Running Reverse Layup Shot,2PT Field Goal,Restricted Area,Center(C),Less Than 8 ft.,3,37,9,1,1,20250310,GSW,POR
Shot Chart Detail,0022400938,111,201939,Stephen Curry,1610612744,Golden State Warriors,1,3,34,Made Shot,Step Back Jump shot,3PT Field Goal,Above the Break 3,Right Side Center(RC),24+ ft.,25,202,159,1,1,20250310,GSW,POR
Shot Chart Detail,0022400938,299,201939,Stephen Curry,1610612744,Golden State Warriors,2,2,38,Missed Shot,Running Pull-Up Jump Shot,3PT Field Goal,Above the Break 3,Right Side Center(RC),24+ ft.,28,162,230,1,0,20250310,GSW,POR
Shot Chart Detail,0022400938,346,201939,Stephen Curry,1610612744,Golden State Warriors,3,10,46,Missed Shot,Reverse Layup Shot,2PT Field Goal,Restricted Area,Center(C),Less Than 8 ft.,3,26,20,1,0,20250310,GSW,POR
Shot Chart Detail,0022400938,372,201939,Stephen Curry,1610612744,Golden State Warriors,3,8,5,Missed Shot,Jump Shot,3PT Field Goal,Above the Break 3,Left Side Center(LC),24+ ft.,27,-213,172,1,0,20250310,GSW,POR
Shot Chart Detail,0022400938,416,201939,Stephen Curry,1610612744,Golden State Warriors,3,5,34,Made Shot,Running Pull-Up Jump Shot,3PT Field Goal,Above the Break 3,Left Side Center(LC),24+ ft.,26,-180,200,1,1,20250310,GSW,POR
Shot Chart Detail,0022400938,448,201939,Stephen Curry,1610612744,Golden State Warriors,3,3,28,Made Shot,Jump Shot,3PT Field Goal,Above the Break 3,Left Side Center(LC),24+ ft.,29,-197,220,1,1,20250310,GSW,POR
Shot Chart Detail,0022400938,456,201939,Stephen Curry,1610612744,Golden State Warriors,3,3,1,Made Shot,Jump Shot,3PT Field Goal,Above the Break 3,Right Side Center(RC),24+ ft.,26,114,244,1,1,20250310,GSW,POR
Shot Chart Detail,0022400938,575,201939,Stephen Curry,1610612744,Golden State Warriors,4,6,52,Missed Shot,Pullup Jump shot,3PT Field Goal,Above the Break 3,Center(C),24+ ft.,29,-73,284,1,0,20250310,GSW,POR
Shot Chart Detail,0022400938,613,201939,Stephen Curry,1610612744,Golden State Warriors,4,3,46,Missed Shot,Running Jump Shot,3PT Field Goal,Above the Break 3,Right Side Center(RC),24+ ft.,28,157,242,1,0,20250310,GSW,POR
Shot Chart Detail,0022400938,639,201939,Stephen Curry,1610612744,Golden State Warriors,4,2,33,Missed Shot,Jump Shot,3PT Field Goal,Right Corner 3,Right Side(R),24+ ft.,22,228,8,1,0,20250310,GSW,POR
Shot Chart Detail,0022400938,653,201939,Stephen Curry,1610612744,Golden State Warriors,4,1,41,Missed Shot,Jump Shot,3PT Field Goal,Above the Break 3,Left Side Center(LC),24+ ft.,32,-201,257,1,0,20250310,GSW,POR
Shot Chart Detail,0022400957,55,201939,Stephen Curry,1610612744,Golden State Warriors,1,7,23,Made Shot,Reverse Layup Shot,2PT Field Goal,Restricted Area,Center(C),Less Than 8 ft.,2,25,15,1,1,20250313,GSW,SAC
Shot Chart Detail,0022400957,75,201939,Stephen Curry,1610612744,Golden State Warriors,1,5,35,Made Shot,Running Jump Shot,3PT Field Goal,Above the Break 3,Left Side Center(LC),24+ ft.,26,-219,143,1,1,20250313,GSW,SAC
Shot Chart Detail,0022400957,96,201939,Stephen Curry,1610612744,Golden State Warriors,1,4,13,Missed Shot,Pullup Jump shot,3PT Field Goal,Above the Break 3,Center(C),24+ ft.,29,47,293,1,0,20250313,GSW,SAC
Shot Chart Detail,0022400957,269,201939,Stephen Curry,1610612744,Golden State Warriors,2,4,18,Missed Shot,Driving Layup Shot,2PT Field Goal,In The Paint (Non-RA),Center(C),Less Than 8 ft.,5,-47,31,1,0,20250313,GSW,SAC
Shot Chart Detail,0022400957,274,201939,Stephen Curry,1610612744,Golden State Warriors,2,4,0,Missed Shot,Pullup Jump shot,3PT Field Goal,Above the Break 3,Left Side Center(LC),24+ ft.,31,-156,268,1,0,20250313,GSW,SAC
Shot Chart Detail,0022400957,372,201939,Stephen Curry,1610612744,Golden State Warriors,3,8,47,Made Shot,Driving Finger Roll Layup Shot,2PT Field Goal,Restricted Area,Center(C),Less Than 8 ft.,3,-38,10,1,1,20250313,GSW,SAC
Shot Chart Detail,0022400957,377,201939,Stephen Curry,1610612744,Golden State Warriors,3,8,19,Made Shot,Pullup Jump shot,3PT Field Goal,Above the Break 3,Right Side Center(RC),24+ ft.,27,196,195,1,1,20250313,GSW,SAC
Shot Chart Detail,0022400957,419,201939,Stephen Curry,1610612744,Golden State Warriors,3,5,51,Missed Shot,Step Back Jump shot,3PT Field Goal,Above the Break 3,Left Side Center(LC),24+ ft.,25,-200,158,1,0,20250313,GSW,SAC
Shot Chart Detail,0022400957,592,201939,Stephen Curry,1610612744,Golden State Warriors,4,3,35,Missed Shot,Running Pull-Up Jump Shot,3PT Field Goal,Above the Break 3,Right Side Center(RC),24+ ft.,30,174,250,1,0,20250313,GSW,SAC
Shot Chart Detail,0022400974,30,201939,Stephen Curry,1610612744,Golden State Warriors,1,9,8,Missed Shot,Jump Shot,3PT Field Goal,Above the Break 3,Right Side Center(RC),24+ ft.,27,147,231,1,0,20250315,GSW,NYK
Shot Chart Detail,0022400974,38,201939,Stephen Curry,1610612744,Golden State Warriors,1,8,9,Missed Shot,Jump Shot,3PT Field Goal,Above the Break 3,Left Side Center(LC),24+ ft.,26,-123,238,1,0,20250315,GSW,NYK
Shot Chart Detail,0022400974,101,201939,Stephen Curry,1610612744,Golden State Warriors,1,4,13,Made Shot,Running Jump Shot,3PT Field Goal,Above the Break 3,Right Side Center(RC),24+ ft.,28,142,249,1,1,20250315,GSW,NYK
Shot Chart Detail,0022400974,107,201939,Stephen Curry,1610612744,Golden State Warriors,1,3,11,Missed Shot,Step Back Jump shot,3PT Field Goal,Above the Break 3,Left Side Center(LC),24+ ft.,26,-221,145,1,0,20250315,GSW,NYK
Shot Chart Detail,0022400974,275,201939,Stephen Curry,1610612744,Golden State Warriors,2,2,57,Missed Shot,Turnaround Fadeaway Bank Jump Shot,2PT Field Goal,In The Paint (Non-RA),Center(C),Less Than 8 ft.,7,44,65,1,0,20250315,GSW,NYK
Shot Chart Detail,0022400974,286,201939,Stephen Curry,1610612744,Golden State Warriors,2,2,14,Made Shot,Pullup Jump shot,2PT Field Goal,Mid-Range,Center(C),16-24 ft.,18,-17,183,1,1,20250315,GSW,NYK
Shot Chart Detail,0022400974,309,201939,Stephen Curry,1610612744,Golden State Warriors,2,0,3,Made Shot,Jump Shot,3PT Field Goal,Above the Break 3,Center(C),24+ ft.,29,49,286,1,1,20250315,GSW,NYK
Shot Chart Detail,0022400974,317,201939,Stephen Curry,1610612744,Golden State Warriors,3,11,38,Missed Shot,Step Back Jump shot,3PT Field Goal,Above the Break 3,Left Side Center(LC),24+ ft.,28,-157,235,1,0,20250315,GSW,NYK
Shot Chart Detail,0022400974,323,201939,Stephen Curry,1610612744,Golden State Warriors,3,11,14,Missed Shot,Step Back Jump shot,2PT Field Goal,Mid-Range,Left Side(L),8-16 ft.,15,-102,111,1,0,20250315,GSW,NYK
Shot Chart Detail,0022400974,354,201939,Stephen Curry,1610612744,Golden State Warriors,3,8,13,Made Shot,Driving Floating Jump Shot,2PT Field Goal,In The Paint (Non-RA),Center(C),8-16 ft.,12,64,113,1,1,20250315,GSW,NYK
Shot Chart Detail,0022400974,366,201939,Stephen Curry,1610612744,Golden State Warriors,3,7,4,Made Shot,Pullup Jump shot,3PT Field Goal,Above the Break 3,Left Side Center(LC),24+ ft.,30,-161,258,1,1,20250315,GSW,NYK
Shot Chart Detail,0022400974,373,201939,Stephen Curry,1610612744,Golden State Warriors,3,6,17,Made Shot,Pullup Jump shot,3PT Field Goal,Above the Break 3,Left Side Center(LC),24+ ft.,30,-108,289,1,1,20250315,GSW,NYK
Shot Chart Detail,0022400974,376,201939,Stephen Curry,1610612744,Golden State Warriors,3,5,50,Missed Shot,Pullup Jump shot,3PT Field Goal,Above the Break 3,Center(C),24+ ft.,26,-2,269,1,0,20250315,GSW,NYK
Shot Chart Detail,0022400974,423,201939,Stephen Curry,1610612744,Golden State Warriors,3,2,58,Made Shot,Cutting Layup Shot,2PT Field Goal,Restricted Area,Center(C),Less Than 8 ft.,2,-25,13,1,1,20250315,GSW,NYK
Shot Chart Detail,0022400974,519,201939,Stephen Curry,1610612744,Golden State Warriors,4,7,31,Missed Shot,Step Back Jump shot,3PT Field Goal,Above the Break 3,Left Side Center(LC),24+ ft.,28,-91,268,1,0,20250315,GSW,NYK
Shot Chart Detail,0022400974,534,201939,Stephen Curry,1610612744,Golden State Warriors,4,6,15,Missed Shot,Jump Shot,3PT Field Goal,Above the Break 3,Right Side Center(RC),24+ ft.,29,135,259,1,0,20250315,GSW,NYK
Shot Chart Detail,0022400974,545,201939,Stephen Curry,1610612744,Golden State Warriors,4,5,1,Made Shot,Driving Layup Shot,2PT Field Goal,Restricted Area,Center(C),Less Than 8 ft.,3,25,30,1,1,20250315,GSW,NYK
Shot Chart Detail,0022400974,551,201939,Stephen Curry,1610612744,Golden State Warriors,4,4,6,Missed Shot,Step Back Jump shot,3PT Field Goal,Above the Break 3,Center(C),24+ ft.,27,-7,279,1,0,20250315,GSW,NYK
Shot Chart Detail,0022400974,576,201939,Stephen Curry,1610612744,Golden State Warriors,4,1,44,Missed Shot,Driving Layup Shot,2PT Field Goal,In The Paint (Non-RA),Center(C),Less Than 8 ft.,6,-42,55,1,0,20250315,GSW,NYK
Shot Chart Detail,0022400974,583,201939,Stephen Curry,1610612744,Golden State Warriors,4,1,17,Missed Shot,Pullup Jump shot,3PT Field Goal,Above the Break 3,Left Side Center(LC),24+ ft.,25,-186,172,1,0,20250315,GSW,NYK
Shot Chart Detail,0022400990,26,201939,Stephen Curry,1610612744,Golden State Warriors,1,9,50,Missed Shot,Step Back Jump shot,3PT Field Goal,Above the Break 3,Right Side Center(RC),24+ ft.,28,96,269,1,0,20250317,GSW,DEN
Shot Chart Detail,0022400990,58,201939,Stephen Curry,1610612744,Golden State Warriors,1,7,34,Made Shot,Pullup Jump shot,3PT Field Goal,Above the Break 3,Left Side Center(LC),24+ ft.,26,-152,216,1,1,20250317,GSW,DEN
Shot Chart Detail,0022400990,76,201939,Stephen Curry,1610612744,Golden State Warriors,1,5,44,Made Shot,Driving Floating Jump Shot,2PT Field Goal,In The Paint (Non-RA),Center(C),8-16 ft.,10,-15,105,1,1,20250317,GSW,DEN
Shot Chart Detail,0022400990,79,201939,Stephen Curry,1610612744,Golden State Warriors,1,5,23,Missed Shot,Step Back Jump shot,3PT Field Goal,Above the Break 3,Left Side Center(LC),24+ ft.,26,-174,202,1,0,20250317,GSW,DEN
Shot Chart Detail,0022400990,111,201939,Stephen Curry,1610612744,Golden State Warriors,1,3,29,Missed Shot,Step Back Jump shot,2PT Field Goal,Mid-Range,Left Side(L),16-24 ft.,17,-174,34,1,0,20250317,GSW,DEN
Shot Chart Detail,0022400990,263,201939,Stephen Curry,1610612744,Golden State Warriors,2,7,57,Missed Shot,Pullup Jump shot,3PT Field Goal,Above the Break 3,Right Side Center(RC),24+ ft.,29,92,279,1,0,20250317,GSW,DEN
Shot Chart Detail,0022400990,273,201939,Stephen Curry,1610612744,Golden State Warriors,2,6,56,Missed Shot,Pullup Jump shot,3PT Field Goal,Above the Break 3,Right Side Center(RC),24+ ft.,26,146,223,1,0,20250317,GSW,DEN
Shot Chart Detail,0022400990,279,201939,Stephen Curry,1610612744,Golden State Warriors,2,6,14,Missed Shot,Driving Layup Shot,2PT Field Goal,In The Paint (Non-RA),Center(C),Less Than 8 ft.,4,36,25,1,0,20250317,GSW,DEN
Shot Chart Detail,0022400990,305,201939,Stephen Curry,1610612744,Golden State Warriors,2,5,2,Made Shot,Pullup Jump shot,3PT Field Goal,Above the Break 3,Center(C),24+ ft.,30,20,302,1,1,20250317,GSW,DEN
Shot Chart Detail,0022400990,314,201939,Stephen Curry,1610612744,Golden State Warriors,2,4,4,Made Shot,Jump Shot,3PT Field Goal,Left Corner 3,Left Side(L),24+ ft.,23,-232,26,1,1,20250317,GSW,DEN
Shot Chart Detail,0022400990,323,201939,Stephen Curry,1610612744,Golden State Warriors,2,3,37,Missed Shot,Running Jump Shot,3PT Field Goal,Above the Break 3,Center(C),24+ ft.,29,-10,293,1,0,20250317,GSW,DEN
Shot Chart Detail,0022400990,357,201939,Stephen Curry,1610612744,Golden State Warriors,2,1,18,Missed Shot,Driving Reverse Layup Shot,2PT Field Goal,Restricted Area,Center(C),Less Than 8 ft.,2,20,18,1,0,20250317,GSW,DEN
Shot Chart Detail,0022400990,361,201939,Stephen Curry,1610612744,Golden State Warriors,2,1,5,Missed Shot,Running Layup Shot,2PT Field Goal,Restricted Area,Center(C),Less Than 8 ft.,3,-32,16,1,0,20250317,GSW,DEN
Shot Chart Detail,0022400990,371,201939,Stephen Curry,1610612744,Golden State Warriors,2,0,33,Made Shot,Driving Layup Shot,2PT Field Goal,Restricted Area,Center(C),Less Than 8 ft.,3,-6,31,1,1,20250317,GSW,DEN
Shot Chart Detail,0022400990,423,201939,Stephen Curry,1610612744,Golden State Warriors,3,8,19,Missed Shot,Pullup Jump shot,3PT Field Goal,Above the Break 3,Right Side Center(RC),24+ ft.,29,145,252,1,0,20250317,GSW,DEN
Shot Chart Detail,0022400990,436,201939,Stephen Curry,1610612744,Golden State Warriors,3,7,41,Missed Shot,Pullup Jump shot,3PT Field Goal,Above the Break 3,Left Side Center(LC),24+ ft.,26,-120,241,1,0,20250317,GSW,DEN
Shot Chart Detail,0022400990,634,201939,Stephen Curry,1610612744,Golden State Warriors,4,6,14,Missed Shot,Step Back Jump shot,2PT Field Goal,Mid-Range,Right Side Center(RC),16-24 ft.,20,165,126,1,0,20250317,GSW,DEN
Shot Chart Detail,0022400990,683,201939,Stephen Curry,1610612744,Golden State Warriors,4,3,33,Made Shot,Running Jump Shot,3PT Field Goal,Above the Break 3,Right Side Center(RC),24+ ft.,27,221,166,1,1,20250317,GSW,DEN
Shot Chart Detail,0022400990,690,201939,Stephen Curry,1610612744,Golden State Warriors,4,3,1,Missed Shot,Pullup Jump shot,3PT Field Goal,Above the Break 3,Right Side Center(RC),24+ ft.,28,91,268,1,0,20250317,GSW,DEN
Shot Chart Detail,0022400990,700,201939,Stephen Curry,1610612744,Golden State Warriors,4,2,22,Missed Shot,Running Pull-Up Jump Shot,3PT Field Goal,Above the Break 3,Center(C),24+ ft.,25,6,250,1,0,20250317,GSW,DEN
Shot Chart Detail,0022400990,727,201939,Stephen Curry,1610612744,Golden State Warriors,4,0,30,Missed Shot,Step Back Jump shot,3PT Field Goal,Above the Break 3,Right Side Center(RC),24+ ft.,30,196,234,1,0,20250317,GSW,DEN
Shot Chart Detail,0022401005,122,201939,Stephen Curry,1610612744,Golden State Warriors,1,3,2,Made Shot,Pullup Jump shot,3PT Field Goal,Above the Break 3,Right Side Center(RC),24+ ft.,26,119,234,1,1,20250320,GSW,TOR
Shot Chart Detail,0022401005,279,201939,Stephen Curry,1610612744,Golden State Warriors,2,4,45,Missed Shot,Pullup Jump shot,3PT Field Goal,Above the Break 3,Right Side Center(RC),24+ ft.,26,170,197,1,0,20250320,GSW,TOR
Shot Chart Detail,0022401005,321,201939,Stephen Curry,1610612744,Golden State Warriors,2,2,26,Made Shot,Reverse Layup Shot,2PT Field Goal,In The Paint (Non-RA),Center(C),Less Than 8 ft.,4,33,24,1,1,20250320,GSW,TOR
Shot Chart Detail,0022401005,388,201939,Stephen Curry,1610612744,Golden State Warriors,3,10,1,Made Shot,Jump Shot,3PT Field Goal,Above the Break 3,Center(C),24+ ft.,26,65,258,1,1,20250320,GSW,TOR
Shot Chart Detail,0022401005,410,201939,Stephen Curry,1610612744,Golden State Warriors,3,8,30,Missed Shot,Pullup Jump shot,3PT Field Goal,Above the Break 3,Left Side Center(LC),24+ ft.,27,-138,233,1,0,20250320,GSW,TOR
Shot Chart Detail,0022401005,450,201939,Stephen Curry,1610612744,Golden State Warriors,3,6,29,Made Shot,Layup Shot,2PT Field Goal,In The Paint (Non-RA),Center(C),Less Than 8 ft.,4,-26,39,1,1,20250320,GSW,TOR
Shot Chart Detail,0022401005,480,201939,Stephen Curry,1610612744,Golden State Warriors,3,4,38,Made Shot,Cutting Layup Shot,2PT Field Goal,Mid-Range,Right Side(R),8-16 ft.,9,96,20,1,1,20250320,GSW,TOR
Shot Chart Detail,0022401005,485,201939,Stephen Curry,1610612744,Golden State Warriors,3,4,6,Made Shot,Cutting Layup Shot,2PT Field Goal,Restricted Area,Center(C),Less Than 8 ft.,2,20,18,1,1,20250320,GSW,TOR
Shot Chart Detail,0022401072,10,201939,Stephen Curry,1610612744,Golden State Warriors,1,11,13,Missed Shot,Jump Shot,3PT Field Goal,Left Corner 3,Left Side(L),24+ ft.,23,-229,62,1,0,20250328,NOP,GSW
Shot Chart Detail,0022401072,39,201939,Stephen Curry,1610612744,Golden State Warriors,1,8,18,Missed Shot,Pullup Jump shot,3PT Field Goal,Above the Break 3,Center(C),24+ ft.,28,71,279,1,0,20250328,NOP,GSW
Shot Chart Detail,0022401072,115,201939,Stephen Curry,1610612744,Golden State Warriors,1,2,59,Made Shot,Jump Shot,3PT Field Goal,Above the Break 3,Right Side Center(RC),24+ ft.,25,211,146,1,1,20250328,NOP,GSW
Shot Chart Detail,0022401072,233,201939,Stephen Curry,1610612744,Golden State Warriors,2,7,19,Made Shot,Running Layup Shot,2PT Field Goal,In The Paint (Non-RA),Right Side(R),8-16 ft.,10,58,83,1,1,20250328,NOP,GSW
Shot Chart Detail,0022401072,259,201939,Stephen Curry,1610612744,Golden State Warriors,2,6,13,Made Shot,Driving Layup Shot,2PT Field Goal,Mid-Range,Right Side(R),8-16 ft.,8,84,30,1,1,20250328,NOP,GSW
Shot Chart Detail,0022401072,272,201939,Stephen Curry,1610612744,Golden State Warriors,2,5,22,Made Shot,Step Back Jump shot,3PT Field Goal,Above the Break 3,Center(C),24+ ft.,26,58,261,1,1,20250328,NOP,GSW
Shot Chart Detail,0022401072,285,201939,Stephen Curry,1610612744,Golden State Warriors,2,4,19,Made Shot,Jump Shot,3PT Field Goal,Above the Break 3,Right Side Center(RC),24+ ft.,28,168,224,1,1,20250328,NOP,GSW
Shot Chart Detail,0022401072,289,201939,Stephen Curry,1610612744,Golden State Warriors,2,3,59,Missed Shot,Pullup Jump shot,3PT Field Goal,Above the Break 3,Center(C),24+ ft.,26,60,257,1,0,20250328,NOP,GSW
Shot Chart Detail,0022401072,309,201939,Stephen Curry,1610612744,Golden State Warriors,2,2,56,Missed Shot,Running Layup Shot,2PT Field Goal,In The Paint (Non-RA),Center(C),Less Than 8 ft.,5,11,55,1,0,20250328,NOP,GSW
Shot Chart Detail,0022401072,337,201939,Stephen Curry,1610612744,Golden State Warriors,2,1,30,Missed Shot,Step Back Jump shot,3PT Field Goal,Above the Break 3,Left Side Center(LC),24+ ft.,25,-204,155,1,0,20250328,NOP,GSW
Shot Chart Detail,0022401072,346,201939,Stephen Curry,1610612744,Golden State Warriors,2,0,59,Made Shot,Step Back Jump shot,3PT Field Goal,Above the Break 3,Right Side Center(RC),24+ ft.,26,124,235,1,1,20250328,NOP,GSW
Shot Chart Detail,0022401072,380,201939,Stephen Curry,1610612744,Golden State Warriors,3,10,15,Missed Shot,Jump Shot,3PT Field Goal,Above the Break 3,Center(C),24+ ft.,29,87,285,1,0,20250328,NOP,GSW
Shot Chart Detail,0022401072,382,201939,Stephen Curry,1610612744,Golden State Warriors,3,10,10,Made Shot,Jump Shot,3PT Field Goal,Above the Break 3,Right Side Center(RC),24+ ft.,26,208,165,1,1,20250328,NOP,GSW
Shot Chart Detail,0022401072,390,201939,Stephen Curry,1610612744,Golden State Warriors,3,9,45,Missed Shot,Jump Shot,3PT Field Goal,Above the Break 3,Left Side Center(LC),24+ ft.,26,-133,232,1,0,20250328,NOP,GSW
Shot Chart Detail,0022401072,431,201939,Stephen Curry,1610612744,Golden State Warriors,3,6,50,Missed Shot,Step Back Jump shot,3PT Field Goal,Above the Break 3,Left Side Center(LC),24+ ft.,26,-219,146,1,0,20250328,NOP,GSW
Shot Chart Detail,0022401072,645,201939,Stephen Curry,1610612744,Golden State Warriors,4,5,16,Missed Shot,Driving Layup Shot,2PT Field Goal,In The Paint (Non-RA),Center(C),8-16 ft.,10,22,101,1,0,20250328,NOP,GSW
Shot Chart Detail,0022401072,647,201939,Stephen Curry,1610612744,Golden State Warriors,4,5,7,Missed Shot,Jump Shot,3PT Field Goal,Above the Break 3,Right Side Center(RC),24+ ft.,27,200,182,1,0,20250328,NOP,GSW
Shot Chart Detail,0022401072,671,201939,Stephen Curry,1610612744,Golden State Warriors,4,3,37,Missed Shot,Jump Shot,3PT Field Goal,Left Corner 3,Left Side(L),24+ ft.,24,-233,61,1,0,20250328,NOP,GSW
Shot Chart Detail,0022401072,692,201939,Stephen Curry,1610612744,Golden State Warriors,4,3,1,Missed Shot,Jump Shot,3PT Field Goal,Above the Break 3,Right Side Center(RC),24+ ft.,31,183,262,1,0,20250328,NOP,GSW
Shot Chart Detail,0022401072,713,201939,Stephen Curry,1610612744,Golden State Warriors,4,0,59,Missed Shot,Jump Shot,3PT Field Goal,Above the Break 3,Right Side Center(RC),24+ ft.,31,106,296,1,0,20250328,NOP,GSW
Shot Chart Detail,0022401072,715,201939,Stephen Curry,1610612744,Golden State Warriors,4,0,48,Missed Shot,Driving Layup Shot,2PT Field Goal,In The Paint (Non-RA),Center(C),8-16 ft.,8,42,76,1,0,20250328,NOP,GSW
Shot Chart Detail,0022401086,100,201939,Stephen Curry,1610612744,Golden State Warriors,1,5,23,Made Shot,Step Back Jump shot,2PT Field Goal,Mid-Range,Left Side Center(LC),16-24 ft.,21,-137,163,1,1,20250330,SAS,GSW
Shot Chart Detail,0022401086,261,201939,Stephen Curry,1610612744,Golden State Warriors,2,5,34,Made Shot,Pullup Jump shot,3PT Field Goal,Above the Break 3,Left Side Center(LC),24+ ft.,31,-183,259,1,1,20250330,SAS,GSW
Shot Chart Detail,0022401086,307,201939,Stephen Curry,1610612744,Golden State Warriors,2,2,58,Made Shot,Pullup Jump shot,3PT Field Goal,Above the Break 3,Right Side Center(RC),24+ ft.,30,137,267,1,1,20250330,SAS,GSW
Shot Chart Detail,0022401086,316,201939,Stephen Curry,1610612744,Golden State Warriors,2,2,5,Missed Shot,Step Back Jump shot,2PT Field Goal,Mid-Range,Right Side Center(RC),16-24 ft.,22,109,200,1,0,20250330,SAS,GSW
Shot Chart Detail,0022401086,326,201939,Stephen Curry,1610612744,Golden State Warriors,2,1,11,Missed Shot,Driving Reverse Layup Shot,2PT Field Goal,Restricted Area,Center(C),Less Than 8 ft.,1,-10,15,1,0,20250330,SAS,GSW
Shot Chart Detail,0022401086,338,201939,Stephen Curry,1610612744,Golden State Warriors,2,0,7,Missed Shot,Pullup Jump shot,3PT Field Goal,Above the Break 3,Left Side Center(LC),24+ ft.,26,-116,235,1,0,20250330,SAS,GSW
Shot Chart Detail,0022401086,401,201939,Stephen Curry,1610612744,Golden State Warriors,3,7,51,Made Shot,Running Finger Roll Layup Shot,2PT Field Goal,Restricted Area,Center(C),Less Than 8 ft.,0,-6,0,1,1,20250330,SAS,GSW
Shot Chart Detail,0022401086,416,201939,Stephen Curry,1610612744,Golden State Warriors,3,7,2,Missed Shot,Running Jump Shot,3PT Field Goal,Above the Break 3,Right Side Center(RC),24+ ft.,25,110,229,1,0,20250330,SAS,GSW
Shot Chart Detail,0022401086,441,201939,Stephen Curry,1610612744,Golden State Warriors,3,5,20,Missed Shot,Driving Layup Shot,2PT Field Goal,Restricted Area,Center(C),Less Than 8 ft.,0,-2,5,1,0,20250330,SAS,GSW
Shot Chart Detail,0022401086,460,201939,Stephen Curry,1610612744,Golden State Warriors,3,4,22,Missed Shot,Pullup Jump shot,2PT Field Goal,Mid-Range,Center(C),8-16 ft.,14,-11,148,1,0,20250330,SAS,GSW
Shot Chart Detail,0022401100,39,201939,Stephen Curry,1610612744,Golden State Warriors,1,8,36,Made Shot,Reverse Layup Shot,2PT Field Goal,Restricted Area,Center(C),Less Than 8 ft.,1,-12,13,1,1,20250401,MEM,GSW
Shot Chart Detail,0022401100,52,201939,Stephen Curry,1610612744,Golden State Warriors,1,7,43,Made Shot,Pullup Jump shot,3PT Field Goal,Above the Break 3,Center(C),24+ ft.,24,40,245,1,1,20250401,MEM,GSW
Shot Chart Detail,0022401100,54,201939,Stephen Curry,1610612744,Golden State Warriors,1,7,10,Made Shot,Jump Shot,3PT Field Goal,Above the Break 3,Left Side Center(LC),24+ ft.,24,-168,178,1,1,20250401,MEM,GSW
Shot Chart Detail,0022401100,77,201939,Stephen Curry,1610612744,Golden State Warriors,1,5,48,Made Shot,Step Back Jump shot,3PT Field Goal,Above the Break 3,Center(C),24+ ft.,26,55,264,1,1,20250401,MEM,GSW
Shot Chart Detail,0022401100,99,201939,Stephen Curry,1610612744,Golden State Warriors,1,4,4,Made Shot,Step Back Jump shot,3PT Field Goal,Above the Break 3,Left Side Center(LC),24+ ft.,24,-199,142,1,1,20250401,MEM,GSW
Shot Chart Detail,0022401100,107,201939,Stephen Curry,1610612744,Golden State Warriors,1,3,32,Missed Shot,Running Pull-Up Jump Shot,3PT Field Goal,Above the Break 3,Center(C),24+ ft.,24,-34,239,1,0,20250401,MEM,GSW
Shot Chart Detail,0022401100,113,201939,Stephen Curry,1610612744,Golden State Warriors,1,3,9,Made Shot,Jump Shot,2PT Field Goal,Restricted Area,Center(C),Less Than 8 ft.,3,33,14,1,1,20250401,MEM,GSW
Shot Chart Detail,0022401100,158,201939,Stephen Curry,1610612744,Golden State Warriors,1,0,11,Made Shot,Pullup Jump shot,3PT Field Goal,Above the Break 3,Right Side Center(RC),24+ ft.,26,110,246,1,1,20250401,MEM,GSW
Shot Chart Detail,0022401100,234,201939,Stephen Curry,1610612744,Golden State Warriors,2,7,22,Missed Shot,Fadeaway Jump Shot,2PT Field Goal,Mid-Range,Left Side(L),8-16 ft.,12,-127,5,1,0,20250401,MEM,GSW
Shot Chart Detail,0022401100,242,201939,Stephen Curry,1610612744,Golden State Warriors,2,6,57,Missed Shot,Pullup Jump shot,3PT Field Goal,Above the Break 3,Center(C),24+ ft.,26,-59,257,1,0,20250401,MEM,GSW
Shot Chart Detail,0022401100,275,201939,Stephen Curry,1610612744,Golden State Warriors,2,5,24,Made Shot,Pullup Jump shot,3PT Field Goal,Above the Break 3,Right Side Center(RC),24+ ft.,32,102,304,1,1,20250401,MEM,GSW
Shot Chart Detail,0022401100,282,201939,Stephen Curry,1610612744,Golden State Warriors,2,4,46,Made Shot,Pullup Jump shot,2PT Field Goal,Mid-Range,Center(C),16-24 ft.,16,47,158,1,1,20250401,MEM,GSW
Shot Chart Detail,0022401100,300,201939,Stephen Curry,1610612744,Golden State Warriors,2,3,52,Missed Shot,Floating Jump shot,2PT Field Goal,Mid-Range,Center(C),8-16 ft.,15,15,152,1,0,20250401,MEM,GSW
Shot Chart Detail,0022401100,312,201939,Stephen Curry,1610612744,Golden State Warriors,2,2,54,Missed Shot,Jump Shot,2PT Field Goal,Mid-Range,Right Side(R),8-16 ft.,15,153,0,1,0,20250401,MEM,GSW
Shot Chart Detail,0022401100,324,201939,Stephen Curry,1610612744,Golden State Warriors,2,1,40,Made Shot,Jump Shot,3PT Field Goal,Left Corner 3,Left Side(L),24+ ft.,22,-227,21,1,1,20250401,MEM,GSW
Shot Chart Detail,0022401100,337,201939,Stephen Curry,1610612744,Golden State Warriors,2,0,31,Made Shot,Jump Shot,3PT Field Goal,Above the Break 3,Right Side Center(RC),24+ ft.,30,210,216,1,1,20250401,MEM,GSW
Shot Chart Detail,0022401100,369,201939,Stephen Curry,1610612744,Golden State Warriors,3,11,1,Missed Shot,Jump Shot,3PT Field Goal,Above the Break 3,Center(C),24+ ft.,25,-65,251,1,0,20250401,MEM,GSW
Shot Chart Detail,0022401100,376,201939,Stephen Curry,1610612744,Golden State Warriors,3,10,21,Made Shot,Jump Shot,3PT Field Goal,Above the Break 3,Left Side Center(LC),24+ ft.,25,-203,160,1,1,20250401,MEM,GSW
Shot Chart Detail,0022401100,397,201939,Stephen Curry,1610612744,Golden State Warriors,3,9,10,Made Shot,Pullup Jump shot,3PT Field Goal,Left Corner 3,Left Side(L),24+ ft.,22,-228,20,1,1,20250401,MEM,GSW
Shot Chart Detail,0022401100,449,201939,Stephen Curry,1610612744,Golden State Warriors,3,5,27,Missed Shot,Pullup Jump shot,3PT Field Goal,Above the Break 3,Center(C),24+ ft.,31,23,319,1,0,20250401,MEM,GSW
Shot Chart Detail,0022401100,453,201939,Stephen Curry,1610612744,Golden State Warriors,3,5,13,Made Shot,Running Pull-Up Jump Shot,3PT Field Goal,Above the Break 3,Center(C),24+ ft.,28,60,275,1,1,20250401,MEM,GSW
Shot Chart Detail,0022401100,457,201939,Stephen Curry,1610612744,Golden State Warriors,3,4,42,Missed Shot,Driving Floating Jump Shot,2PT Field Goal,In The Paint (Non-RA),Center(C),8-16 ft.,9,-48,85,1,0,20250401,MEM,GSW
Shot Chart Detail,0022401100,461,201939,Stephen Curry,1610612744,Golden State Warriors,3,4,7,Missed Shot,Cutting Finger Roll Layup Shot,2PT Field Goal,In The Paint (Non-RA),Center(C),Less Than 8 ft.,6,-11,63,1,0,20250401,MEM,GSW
Shot Chart Detail,0022401100,621,201939,Stephen Curry,1610612744,Golden State Warriors,4,7,19,Missed Shot,Running Pull-Up Jump Shot,3PT Field Goal,Above the Break 3,Center(C),24+ ft.,25,56,252,1,0,20250401,MEM,GSW
Shot Chart Detail,0022401100,625,201939,Stephen Curry,1610612744,Golden State Warriors,4,6,50,Missed Shot,Step Back Jump shot,3PT Field Goal,Above the Break 3,Left Side Center(LC),24+ ft.,24,-206,141,1,0,20250401,MEM,GSW
Shot Chart Detail,0022401100,644,201939,Stephen Curry,1610612744,Golden State Warriors,4,5,40,Made Shot,Driving Finger Roll Layup Shot,2PT Field Goal,Restricted Area,Center(C),Less Than 8 ft.,2,9,27,1,1,20250401,MEM,GSW
Shot Chart Detail,0022401100,654,201939,Stephen Curry,1610612744,Golden State Warriors,4,4,36,Missed Shot,Step Back Jump shot,3PT Field Goal,Above the Break 3,Right Side Center(RC),24+ ft.,25,218,132,1,0,20250401,MEM,GSW
Shot Chart Detail,0022401100,664,201939,Stephen Curry,1610612744,Golden State Warriors,4,3,55,Missed Shot,Driving Floating Jump Shot,2PT Field Goal,In The Paint (Non-RA),Center(C),Less Than 8 ft.,5,42,34,1,0,20250401,MEM,GSW
Shot Chart Detail,0022401100,675,201939,Stephen Curry,1610612744,Golden State Warriors,4,3,53,Missed Shot,Floating Jump shot,2PT Field Goal,In The Paint (Non-RA),Center(C),Less Than 8 ft.,5,36,47,1,0,20250401,MEM,GSW
Shot Chart Detail,0022401100,685,201939,Stephen Curry,1610612744,Golden State Warriors,4,2,55,Made Shot,Jump Shot,3PT Field Goal,Left Corner 3,Left Side(L),24+ ft.,22,-229,7,1,1,20250401,MEM,GSW
Shot Chart Detail,0022401100,706,201939,Stephen Curry,1610612744,Golden State Warriors,4,1,13,Missed Shot,Jump Shot,3PT Field Goal,Above the Break 3,Left Side Center(LC),24+ ft.,27,-206,181,1,0,20250401,MEM,GSW
Shot Chart Detail,0022401117,62,201939,Stephen Curry,1610612744,Golden State Warriors,1,6,22,Made Shot,Driving Finger Roll Layup Shot,2PT Field Goal,Restricted Area,Center(C),Less Than 8 ft.,3,15,35,1,1,20250403,LAL,GSW
Shot Chart Detail,0022401117,87,201939,Stephen Curry,1610612744,Golden State Warriors,1,4,33,Made Shot,Driving Floating Bank Jump Shot,2PT Field Goal,In The Paint (Non-RA),Center(C),Less Than 8 ft.,4,-32,25,1,1,20250403,LAL,GSW
Shot Chart Detail,0022401117,98,201939,Stephen Curry,1610612744,Golden State Warriors,1,3,30,Missed Shot,Step Back Jump shot,3PT Field Goal,Above the Break 3,Center(C),24+ ft.,26,-67,261,1,0,20250403,LAL,GSW
Shot Chart Detail,0022401117,247,201939,Stephen Curry,1610612744,Golden State Warriors,2,5,59,Missed Shot,Step Back Bank Jump Shot,3PT Field Goal,Above the Break 3,Left Side Center(LC),24+ ft.,24,-169,184,1,0,20250403,LAL,GSW
Shot Chart Detail,0022401117,251,201939,Stephen Curry,1610612744,Golden State Warriors,2,5,21,Missed Shot,Driving Finger Roll Layup Shot,2PT Field Goal,In The Paint (Non-RA),Center(C),Less Than 8 ft.,7,6,73,1,0,20250403,LAL,GSW
Shot Chart Detail,0022401117,261,201939,Stephen Curry,1610612744,Golden State Warriors,2,4,25,Made Shot,Driving Reverse Layup Shot,2PT Field Goal,Restricted Area,Center(C),Less Than 8 ft.,3,-31,24,1,1,20250403,LAL,GSW
Shot Chart Detail,0022401117,294,201939,Stephen Curry,1610612744,Golden State Warriors,2,2,33,Missed Shot,Driving Layup Shot,2PT Field Goal,Restricted Area,Center(C),Less Than 8 ft.,3,25,31,1,0,20250403,LAL,GSW
Shot Chart Detail,0022401117,313,201939,Stephen Curry,1610612744,Golden State Warriors,2,1,48,Made Shot,Pullup Jump shot,3PT Field Goal,Above the Break 3,Center(C),24+ ft.,30,53,304,1,1,20250403,LAL,GSW
Shot Chart Detail,0022401117,326,201939,Stephen Curry,1610612744,Golden State Warriors,2,0,45,Missed Shot,Driving Floating Jump Shot,2PT Field Goal,In The Paint (Non-RA),Center(C),Less Than 8 ft.,5,4,55,1,0,20250403,LAL,GSW
Shot Chart Detail,0022401117,343,201939,Stephen Curry,1610612744,Golden State Warriors,2,0,9,Missed Shot,Step Back Jump shot,3PT Field Goal,Above the Break 3,Left Side Center(LC),24+ ft.,29,-147,251,1,0,20250403,LAL,GSW
Shot Chart Detail,0022401117,416,201939,Stephen Curry,1610612744,Golden State Warriors,3,6,58,Made Shot,Jump Shot,3PT Field Goal,Above the Break 3,Center(C),24+ ft.,27,60,269,1,1,20250403,LAL,GSW
Shot Chart Detail,0022401117,426,201939,Stephen Curry,1610612744,Golden State Warriors,3,6,28,Made Shot,Driving Finger Roll Layup Shot,2PT Field Goal,In The Paint (Non-RA),Center(C),Less Than 8 ft.,6,11,69,1,1,20250403,LAL,GSW
Shot Chart Detail,0022401117,429,201939,Stephen Curry,1610612744,Golden State Warriors,3,5,48,Missed Shot,Step Back Jump shot,3PT Field Goal,Above the Break 3,Right Side Center(RC),24+ ft.,24,142,205,1,0,20250403,LAL,GSW
Shot Chart Detail,0022401117,451,201939,Stephen Curry,1610612744,Golden State Warriors,3,4,45,Made Shot,Driving Layup Shot,2PT Field Goal,Restricted Area,Center(C),Less Than 8 ft.,1,-13,7,1,1,20250403,LAL,GSW
Shot Chart Detail,0022401117,461,201939,Stephen Curry,1610612744,Golden State Warriors,3,3,56,Missed Shot,Step Back Jump shot,3PT Field Goal,Above the Break 3,Right Side Center(RC),24+ ft.,28,157,235,1,0,20250403,LAL,GSW
Shot Chart Detail,0022401117,480,201939,Stephen Curry,1610612744,Golden State Warriors,3,3,19,Missed Shot,Driving Layup Shot,2PT Field Goal,In The Paint (Non-RA),Center(C),Less Than 8 ft.,4,-27,38,1,0,20250403,LAL,GSW
Shot Chart Detail,0022401117,483,201939,Stephen Curry,1610612744,Golden State Warriors,3,3,13,Made Shot,Step Back Jump shot,3PT Field Goal,Right Corner 3,Right Side(R),24+ ft.,22,227,32,1,1,20250403,LAL,GSW
Shot Chart Detail,0022401117,519,201939,Stephen Curry,1610612744,Golden State Warriors,3,0,53,Missed Shot,Jump Shot,3PT Field Goal,Left Corner 3,Left Side(L),24+ ft.,22,-229,5,1,0,20250403,LAL,GSW
Shot Chart Detail,0022401117,637,201939,Stephen Curry,1610612744,Golden State Warriors,4,4,21,Made Shot,Driving Layup Shot,2PT Field Goal,Restricted Area,Center(C),Less Than 8 ft.,2,17,16,1,1,20250403,LAL,GSW
Shot Chart Detail,0022401117,654,201939,Stephen Curry,1610612744,Golden State Warriors,4,2,39,Missed Shot,Step Back Jump shot,3PT Field Goal,Above the Break 3,Right Side Center(RC),24+ ft.,28,120,259,1,0,20250403,LAL,GSW
Shot Chart Detail,0022401117,657,201939,Stephen Curry,1610612744,Golden State Warriors,4,2,5,Made Shot,Pullup Jump shot,3PT Field Goal,Above the Break 3,Left Side Center(LC),24+ ft.,27,-184,211,1,1,20250403,LAL,GSW
Shot Chart Detail,0022401125,37,201939,Stephen Curry,1610612744,Golden State Warriors,1,9,16,Made Shot,Step Back Jump shot,3PT Field Goal,Above the Break 3,Right Side Center(RC),24+ ft.,27,165,218,1,1,20250404,GSW,DEN
Shot Chart Detail,0022401125,90,201939,Stephen Curry,1610612744,Golden State Warriors,1,5,14,Made Shot,Driving Finger Roll Layup Shot,2PT Field Goal,Restricted Area,Center(C),Less Than 8 ft.,3,32,20,1,1,20250404,GSW,DEN
Shot Chart Detail,0022401125,117,201939,Stephen Curry,1610612744,Golden State Warriors,1,3,5,Made Shot,Step Back Jump shot,2PT Field Goal,Mid-Range,Right Side Center(RC),16-24 ft.,18,135,120,1,1,20250404,GSW,DEN
Shot Chart Detail,0022401125,282,201939,Stephen Curry,1610612744,Golden State Warriors,2,4,45,Made Shot,Jump Shot,3PT Field Goal,Above the Break 3,Center(C),24+ ft.,26,-64,259,1,1,20250404,GSW,DEN
Shot Chart Detail,0022401125,285,201939,Stephen Curry,1610612744,Golden State Warriors,2,4,11,Missed Shot,Pullup Jump shot,3PT Field Goal,Above the Break 3,Right Side Center(RC),24+ ft.,31,126,293,1,0,20250404,GSW,DEN
Shot Chart Detail,0022401125,298,201939,Stephen Curry,1610612744,Golden State Warriors,2,3,7,Made Shot,Driving Finger Roll Layup Shot,2PT Field Goal,Restricted Area,Center(C),Less Than 8 ft.,2,-21,20,1,1,20250404,GSW,DEN
Shot Chart Detail,0022401125,316,201939,Stephen Curry,1610612744,Golden State Warriors,2,1,46,Made Shot,Pullup Jump shot,3PT Field Goal,Above the Break 3,Right Side Center(RC),24+ ft.,26,152,214,1,1,20250404,GSW,DEN
Shot Chart Detail,0022401125,320,201939,Stephen Curry,1610612744,Golden State Warriors,2,1,17,Made Shot,Driving Finger Roll Layup Shot,2PT Field Goal,In The Paint (Non-RA),Center(C),Less Than 8 ft.,5,-4,53,1,1,20250404,GSW,DEN
Shot Chart Detail,0022401125,323,201939,Stephen Curry,1610612744,Golden State Warriors,2,1,10,Missed Shot,Jump Shot,3PT Field Goal,Above the Break 3,Right Side Center(RC),24+ ft.,28,159,237,1,0,20250404,GSW,DEN
Shot Chart Detail,0022401125,331,201939,Stephen Curry,1610612744,Golden State Warriors,2,0,37,Missed Shot,Pullup Jump shot,2PT Field Goal,Mid-Range,Center(C),16-24 ft.,19,34,195,1,0,20250404,GSW,DEN
Shot Chart Detail,0022401125,355,201939,Stephen Curry,1610612744,Golden State Warriors,2,0,0,Missed Shot,Pullup Jump shot,3PT Field Goal,Above the Break 3,Center(C),24+ ft.,35,-1,353,1,0,20250404,GSW,DEN
Shot Chart Detail,0022401125,399,201939,Stephen Curry,1610612744,Golden State Warriors,3,7,32,Made Shot,Pullup Jump shot,3PT Field Goal,Right Corner 3,Right Side(R),24+ ft.,23,233,30,1,1,20250404,GSW,DEN
Shot Chart Detail,0022401125,403,201939,Stephen Curry,1610612744,Golden State Warriors,3,7,1,Missed Shot,Pullup Jump shot,3PT Field Goal,Above the Break 3,Center(C),24+ ft.,28,-28,287,1,0,20250404,GSW,DEN
Shot Chart Detail,0022401125,419,201939,Stephen Curry,1610612744,Golden State Warriors,3,6,11,Missed Shot,Pullup Jump shot,2PT Field Goal,Mid-Range,Right Side Center(RC),16-24 ft.,21,176,130,1,0,20250404,GSW,DEN
Shot Chart Detail,0022401125,423,201939,Stephen Curry,1610612744,Golden State Warriors,3,5,38,Made Shot,Step Back Jump shot,3PT Field Goal,Above the Break 3,Center(C),24+ ft.,25,65,251,1,1,20250404,GSW,DEN
Shot Chart Detail,0022401125,437,201939,Stephen Curry,1610612744,Golden State Warriors,3,4,33,Made Shot,Step Back Jump shot,3PT Field Goal,Left Corner 3,Left Side(L),24+ ft.,22,-225,-21,1,1,20250404,GSW,DEN
Shot Chart Detail,0022401125,458,201939,Stephen Curry,1610612744,Golden State Warriors,3,2,59,Missed Shot,Driving Finger Roll Layup Shot,2PT Field Goal,In The Paint (Non-RA),Center(C),Less Than 8 ft.,4,-31,36,1,0,20250404,GSW,DEN
Shot Chart Detail,0022401125,563,201939,Stephen Curry,1610612744,Golden State Warriors,4,7,35,Made Shot,Fadeaway Jump Shot,2PT Field Goal,Mid-Range,Right Side(R),16-24 ft.,16,164,-4,1,1,20250404,GSW,DEN
Shot Chart Detail,0022401125,567,201939,Stephen Curry,1610612744,Golden State Warriors,4,7,12,Missed Shot,Pullup Jump shot,3PT Field Goal,Above the Break 3,Right Side Center(RC),24+ ft.,25,153,209,1,0,20250404,GSW,DEN
Shot Chart Detail,0022401125,571,201939,Stephen Curry,1610612744,Golden State Warriors,4,6,42,Made Shot,Jump Shot,3PT Field Goal,Right Corner 3,Right Side(R),24+ ft.,24,225,84,1,1,20250404,GSW,DEN
Shot Chart Detail,0022401125,618,201939,Stephen Curry,1610612744,Golden State Warriors,4,3,0,Missed Shot,Step Back Jump shot,3PT Field Goal,Above the Break 3,Left Side Center(LC),24+ ft.,27,-147,227,1,0,20250404,GSW,DEN
Shot Chart Detail,0022401125,628,201939,Stephen Curry,1610612744,Golden State Warriors,4,2,30,Made Shot,Pullup Jump shot,2PT Field Goal,Mid-Range,Right Side(R),16-24 ft.,19,165,108,1,1,20250404,GSW,DEN
Shot Chart Detail,0022401125,644,201939,Stephen Curry,1610612744,Golden State Warriors,4,1,41,Missed Shot,Step Back Jump shot,3PT Field Goal,Above the Break 3,Left Side Center(LC),24+ ft.,25,-228,115,1,0,20250404,GSW,DEN
Shot Chart Detail,0022401125,650,201939,Stephen Curry,1610612744,Golden State Warriors,4,1,1,Missed Shot,Pullup Jump shot,3PT Field Goal,Above the Break 3,Right Side Center(RC),24+ ft.,29,173,242,1,0,20250404,GSW,DEN
Shot Chart Detail,0022401143,27,201939,Stephen Curry,1610612744,Golden State Warriors,1,9,49,Missed Shot,Pullup Jump shot,3PT Field Goal,Above the Break 3,Left Side Center(LC),24+ ft.,26,-159,216,1,0,20250406,GSW,HOU
Shot Chart Detail,0022401143,61,201939,Stephen Curry,1610612744,Golden State Warriors,1,7,10,Missed Shot,Pullup Jump shot,3PT Field Goal,Left Corner 3,Left Side(L),24+ ft.,23,-228,43,1,0,20250406,GSW,HOU
Shot Chart Detail,0022401143,360,201939,Stephen Curry,1610612744,Golden State Warriors,2,0,1,Made Shot,Pullup Jump shot,3PT Field Goal,Above the Break 3,Right Side Center(RC),24+ ft.,36,170,325,1,1,20250406,GSW,HOU
Shot Chart Detail,0022401143,393,201939,Stephen Curry,1610612744,Golden State Warriors,3,10,58,Missed Shot,Jump Shot,3PT Field Goal,Above the Break 3,Right Side Center(RC),24+ ft.,29,152,254,1,0,20250406,GSW,HOU
Shot Chart Detail,0022401143,460,201939,Stephen Curry,1610612744,Golden State Warriors,3,7,10,Missed Shot,Pullup Jump shot,3PT Field Goal,Above the Break 3,Right Side Center(RC),24+ ft.,27,131,238,1,0,20250406,GSW,HOU
Shot Chart Detail,0022401143,477,201939,Stephen Curry,1610612744,Golden State Warriors,3,6,2,Missed Shot,Driving Layup Shot,2PT Field Goal,Restricted Area,Center(C),Less Than 8 ft.,3,-29,23,1,0,20250406,GSW,HOU
Shot Chart Detail,0022401143,491,201939,Stephen Curry,1610612744,Golden State Warriors,3,4,58,Missed Shot,Pullup Jump shot,3PT Field Goal,Above the Break 3,Right Side Center(RC),24+ ft.,27,104,257,1,0,20250406,GSW,HOU
Shot Chart Detail,0022401143,509,201939,Stephen Curry,1610612744,Golden State Warriors,3,3,11,Missed Shot,Driving Floating Bank Jump Shot,2PT Field Goal,In The Paint (Non-RA),Left Side(L),8-16 ft.,9,-74,60,1,0,20250406,GSW,HOU
Shot Chart Detail,0022401143,614,201939,Stephen Curry,1610612744,Golden State Warriors,4,7,28,Missed Shot,Jump Shot,3PT Field Goal,Above the Break 3,Left Side Center(LC),24+ ft.,26,-147,226,1,0,20250406,GSW,HOU
Shot Chart Detail,0022401143,651,201939,Stephen Curry,1610612744,Golden State Warriors,4,3,54,Missed Shot,Pullup Jump shot,3PT Field Goal,Above the Break 3,Center(C),24+ ft.,29,82,286,1,0,20250406,GSW,HOU
Shot Chart Detail,0022401154,42,201939,Stephen Curry,1610612744,Golden State Warriors,1,7,42,Made Shot,Step Back Jump shot,3PT Field Goal,Above the Break 3,Right Side Center(RC),24+ ft.,25,153,210,1,1,20250408,PHX,GSW
Shot Chart Detail,0022401154,58,201939,Stephen Curry,1610612744,Golden State Warriors,1,6,31,Made Shot,Jump Shot,3PT Field Goal,Right Corner 3,Right Side(R),24+ ft.,23,237,-1,1,1,20250408,PHX,GSW
Shot Chart Detail,0022401154,83,201939,Stephen Curry,1610612744,Golden State Warriors,1,4,59,Missed Shot,Jump Shot,3PT Field Goal,Above the Break 3,Left Side Center(LC),24+ ft.,28,-208,193,1,0,20250408,PHX,GSW
Shot Chart Detail,0022401154,99,201939,Stephen Curry,1610612744,Golden State Warriors,1,4,37,Missed Shot,Driving Floating Jump Shot,2PT Field Goal,In The Paint (Non-RA),Center(C),Less Than 8 ft.,6,-23,60,1,0,20250408,PHX,GSW
Shot Chart Detail,0022401154,101,201939,Stephen Curry,1610612744,Golden State Warriors,1,4,35,Made Shot,Tip Layup Shot,2PT Field Goal,In The Paint (Non-RA),Center(C),Less Than 8 ft.,4,7,46,1,1,20250408,PHX,GSW
Shot Chart Detail,0022401154,104,201939,Stephen Curry,1610612744,Golden State Warriors,1,4,3,Made Shot,Pullup Jump shot,2PT Field Goal,Mid-Range,Center(C),16-24 ft.,16,18,160,1,1,20250408,PHX,GSW
Shot Chart Detail,0022401154,112,201939,Stephen Curry,1610612744,Golden State Warriors,1,3,2,Made Shot,Turnaround Fadeaway shot,2PT Field Goal,Mid-Range,Right Side(R),8-16 ft.,9,94,10,1,1,20250408,PHX,GSW
Shot Chart Detail,0022401154,209,201939,Stephen Curry,1610612744,Golden State Warriors,2,7,36,Made Shot,Cutting Layup Shot,2PT Field Goal,In The Paint (Non-RA),Center(C),Less Than 8 ft.,4,-39,12,1,1,20250408,PHX,GSW
Shot Chart Detail,0022401154,219,201939,Stephen Curry,1610612744,Golden State Warriors,2,6,39,Missed Shot,Jump Shot,3PT Field Goal,Above the Break 3,Right Side Center(RC),24+ ft.,26,131,230,1,0,20250408,PHX,GSW
Shot Chart Detail,0022401154,237,201939,Stephen Curry,1610612744,Golden State Warriors,2,5,51,Made Shot,Running Layup Shot,2PT Field Goal,In The Paint (Non-RA),Center(C),Less Than 8 ft.,7,-47,58,1,1,20250408,PHX,GSW
Shot Chart Detail,0022401154,255,201939,Stephen Curry,1610612744,Golden State Warriors,2,4,47,Missed Shot,Jump Shot,3PT Field Goal,Above the Break 3,Right Side Center(RC),24+ ft.,27,93,260,1,0,20250408,PHX,GSW
Shot Chart Detail,0022401154,303,201939,Stephen Curry,1610612744,Golden State Warriors,2,2,18,Missed Shot,Jump Shot,3PT Field Goal,Above the Break 3,Right Side Center(RC),24+ ft.,26,196,185,1,0,20250408,PHX,GSW
Shot Chart Detail,0022401154,320,201939,Stephen Curry,1610612744,Golden State Warriors,2,0,12,Missed Shot,Pullup Jump shot,3PT Field Goal,Above the Break 3,Center(C),24+ ft.,29,51,295,1,0,20250408,PHX,GSW
Shot Chart Detail,0022401154,349,201939,Stephen Curry,1610612744,Golden State Warriors,3,11,15,Made Shot,Jump Shot,3PT Field Goal,Left Corner 3,Left Side(L),24+ ft.,23,-232,53,1,1,20250408,PHX,GSW
Shot Chart Detail,0022401154,354,201939,Stephen Curry,1610612744,Golden State Warriors,3,10,41,Made Shot,Driving Finger Roll Layup Shot,2PT Field Goal,In The Paint (Non-RA),Center(C),Less Than 8 ft.,5,37,43,1,1,20250408,PHX,GSW
Shot Chart Detail,0022401154,391,201939,Stephen Curry,1610612744,Golden State Warriors,3,7,44,Missed Shot,Running Layup Shot,2PT Field Goal,Restricted Area,Center(C),Less Than 8 ft.,3,18,31,1,0,20250408,PHX,GSW
Shot Chart Detail,0022401154,425,201939,Stephen Curry,1610612744,Golden State Warriors,3,5,23,Missed Shot,Pullup Jump shot,3PT Field Goal,Above the Break 3,Right Side Center(RC),24+ ft.,27,189,205,1,0,20250408,PHX,GSW
Shot Chart Detail,0022401163,15,201939,Stephen Curry,1610612744,Golden State Warriors,1,10,34,Made Shot,Step Back Jump shot,2PT Field Goal,In The Paint (Non-RA),Center(C),8-16 ft.,10,-29,104,1,1,20250409,GSW,SAS
Shot Chart Detail,0022401163,19,201939,Stephen Curry,1610612744,Golden State Warriors,1,10,9,Missed Shot,Running Jump Shot,3PT Field Goal,Above the Break 3,Left Side Center(LC),24+ ft.,25,-175,182,1,0,20250409,GSW,SAS
Shot Chart Detail,0022401163,46,201939,Stephen Curry,1610612744,Golden State Warriors,1,7,43,Made Shot,Step Back Jump shot,2PT Field Goal,Mid-Range,Right Side(R),16-24 ft.,18,153,109,1,1,20250409,GSW,SAS
Shot Chart Detail,0022401163,69,201939,Stephen Curry,1610612744,Golden State Warriors,1,5,27,Made Shot,Jump Shot,3PT Field Goal,Above the Break 3,Left Side Center(LC),24+ ft.,25,-206,158,1,1,20250409,GSW,SAS
Shot Chart Detail,0022401163,155,201939,Stephen Curry,1610612744,Golden State Warriors,1,0,1,Missed Shot,Turnaround Fadeaway shot,3PT Field Goal,Left Corner 3,Left Side(L),24+ ft.,23,-232,-11,1,0,20250409,GSW,SAS
Shot Chart Detail,0022401163,228,201939,Stephen Curry,1610612744,Golden State Warriors,2,7,4,Missed Shot,Jump Shot,3PT Field Goal,Above the Break 3,Center(C),24+ ft.,26,7,267,1,0,20250409,GSW,SAS
Shot Chart Detail,0022401163,258,201939,Stephen Curry,1610612744,Golden State Warriors,2,4,41,Made Shot,Running Reverse Layup Shot,2PT Field Goal,Restricted Area,Center(C),Less Than 8 ft.,2,20,10,1,1,20250409,GSW,SAS
Shot Chart Detail,0022401163,281,201939,Stephen Curry,1610612744,Golden State Warriors,2,3,36,Missed Shot,Driving Finger Roll Layup Shot,2PT Field Goal,In The Paint (Non-RA),Center(C),Less Than 8 ft.,5,40,30,1,0,20250409,GSW,SAS
Shot Chart Detail,0022401163,293,201939,Stephen Curry,1610612744,Golden State Warriors,2,3,14,Missed Shot,Jump Shot,3PT Field Goal,Above the Break 3,Right Side Center(RC),24+ ft.,27,173,214,1,0,20250409,GSW,SAS
Shot Chart Detail,0022401163,355,201939,Stephen Curry,1610612744,Golden State Warriors,3,9,32,Made Shot,Jump Shot,3PT Field Goal,Above the Break 3,Left Side Center(LC),24+ ft.,28,-143,247,1,1,20250409,GSW,SAS
Shot Chart Detail,0022401163,359,201939,Stephen Curry,1610612744,Golden State Warriors,3,9,2,Made Shot,Running Pull-Up Jump Shot,3PT Field Goal,Above the Break 3,Center(C),24+ ft.,29,39,289,1,1,20250409,GSW,SAS
Shot Chart Detail,0022401163,380,201939,Stephen Curry,1610612744,Golden State Warriors,3,7,15,Made Shot,Step Back Jump shot,2PT Field Goal,Mid-Range,Right Side Center(RC),16-24 ft.,18,129,132,1,1,20250409,GSW,SAS
Shot Chart Detail,0022401163,396,201939,Stephen Curry,1610612744,Golden State Warriors,3,6,33,Missed Shot,Pullup Jump shot,3PT Field Goal,Above the Break 3,Center(C),24+ ft.,30,-5,302,1,0,20250409,GSW,SAS
Shot Chart Detail,0022401163,408,201939,Stephen Curry,1610612744,Golden State Warriors,3,5,14,Made Shot,Jump Shot,3PT Field Goal,Above the Break 3,Right Side Center(RC),24+ ft.,27,89,256,1,1,20250409,GSW,SAS
Shot Chart Detail,0022401163,439,201939,Stephen Curry,1610612744,Golden State Warriors,3,3,50,Missed Shot,Driving Layup Shot,2PT Field Goal,Restricted Area,Center(C),Less Than 8 ft.,3,11,36,1,0,20250409,GSW,SAS
Shot Chart Detail,0022401163,442,201939,Stephen Curry,1610612744,Golden State Warriors,3,3,47,Missed Shot,Floating Jump shot,2PT Field Goal,In The Paint (Non-RA),Center(C),Less Than 8 ft.,5,33,39,1,0,20250409,GSW,SAS
Shot Chart Detail,0022401163,453,201939,Stephen Curry,1610612744,Golden State Warriors,3,3,13,Made Shot,Pullup Jump shot,3PT Field Goal,Above the Break 3,Center(C),24+ ft.,27,-58,272,1,1,20250409,GSW,SAS
Shot Chart Detail,0022401163,501,201939,Stephen Curry,1610612744,Golden State Warriors,3,0,0,Missed Shot,Floating Jump shot,3PT Field Goal,Above the Break 3,Right Side Center(RC),24+ ft.,29,175,238,1,0,20250409,GSW,SAS
Shot Chart Detail,0022401163,601,201939,Stephen Curry,1610612744,Golden State Warriors,4,5,10,Made Shot,Driving Floating Bank Jump Shot,2PT Field Goal,Mid-Range,Right Side(R),8-16 ft.,9,88,43,1,1,20250409,GSW,SAS
Shot Chart Detail,0022401163,619,201939,Stephen Curry,1610612744,Golden State Warriors,4,4,14,Missed Shot,Pullup Jump shot,3PT Field Goal,Above the Break 3,Left Side Center(LC),24+ ft.,25,-212,149,1,0,20250409,GSW,SAS
Shot Chart Detail,0022401163,621,201939,Stephen Curry,1610612744,Golden State Warriors,4,4,8,Made Shot,Cutting Layup Shot,2PT Field Goal,Restricted Area,Center(C),Less Than 8 ft.,3,31,2,1,1,20250409,GSW,SAS
Shot Chart Detail,0022401163,629,201939,Stephen Curry,1610612744,Golden State Warriors,4,3,38,Missed Shot,Jump Shot,3PT Field Goal,Above the Break 3,Left Side Center(LC),24+ ft.,28,-154,238,1,0,20250409,GSW,SAS
Shot Chart Detail,0022401163,642,201939,Stephen Curry,1610612744,Golden State Warriors,4,2,50,Made Shot,Cutting Finger Roll Layup Shot,2PT Field Goal,In The Paint (Non-RA),Center(C),Less Than 8 ft.,4,33,31,1,1,20250409,GSW,SAS
Shot Chart Detail,0022401163,649,201939,Stephen Curry,1610612744,Golden State Warriors,4,1,50,Missed Shot,Pullup Jump shot,3PT Field Goal,Above the Break 3,Center(C),24+ ft.,30,16,304,1,0,20250409,GSW,SAS
Shot Chart Detail,0022401183,9,201939,Stephen Curry,1610612744,Golden State Warriors,1,11,36,Missed Shot,Jump Shot,3PT Field Goal,Above the Break 3,Left Side Center(LC),24+ ft.,26,-93,247,1,0,20250411,POR,GSW
Shot Chart Detail,0022401183,43,201939,Stephen Curry,1610612744,Golden State Warriors,1,8,33,Made Shot,Reverse Layup Shot,2PT Field Goal,Restricted Area,Center(C),Less Than 8 ft.,2,-17,13,1,1,20250411,POR,GSW
Shot Chart Detail,0022401183,51,201939,Stephen Curry,1610612744,Golden State Warriors,1,7,57,Missed Shot,Running Pull-Up Jump Shot,3PT Field Goal,Above the Break 3,Left Side Center(LC),24+ ft.,32,-181,270,1,0,20250411,POR,GSW
Shot Chart Detail,0022401183,54,201939,Stephen Curry,1610612744,Golden State Warriors,1,7,16,Missed Shot,Driving Layup Shot,2PT Field Goal,Restricted Area,Center(C),Less Than 8 ft.,3,25,25,1,0,20250411,POR,GSW
Shot Chart Detail,0022401183,131,201939,Stephen Curry,1610612744,Golden State Warriors,1,2,8,Made Shot,Driving Floating Bank Jump Shot,2PT Field Goal,In The Paint (Non-RA),Left Side(L),8-16 ft.,9,-80,53,1,1,20250411,POR,GSW
Shot Chart Detail,0022401183,259,201939,Stephen Curry,1610612744,Golden State Warriors,2,6,43,Made Shot,Jump Shot,3PT Field Goal,Above the Break 3,Left Side Center(LC),24+ ft.,29,-212,207,1,1,20250411,POR,GSW
Shot Chart Detail,0022401183,263,201939,Stephen Curry,1610612744,Golden State Warriors,2,6,13,Missed Shot,Step Back Jump shot,2PT Field Goal,Mid-Range,Left Side Center(LC),16-24 ft.,20,-161,127,1,0,20250411,POR,GSW
Shot Chart Detail,0022401183,330,201939,Stephen Curry,1610612744,Golden State Warriors,2,2,17,Made Shot,Step Back Jump shot,3PT Field Goal,Above the Break 3,Center(C),24+ ft.,26,4,262,1,1,20250411,POR,GSW
Shot Chart Detail,0022401183,338,201939,Stephen Curry,1610612744,Golden State Warriors,2,1,39,Missed Shot,Jump Shot,3PT Field Goal,Above the Break 3,Left Side Center(LC),24+ ft.,32,-135,294,1,0,20250411,POR,GSW
Shot Chart Detail,0022401183,406,201939,Stephen Curry,1610612744,Golden State Warriors,3,9,2,Made Shot,Running Layup Shot,2PT Field Goal,Restricted Area,Center(C),Less Than 8 ft.,0,-4,8,1,1,20250411,POR,GSW
Shot Chart Detail,0022401183,416,201939,Stephen Curry,1610612744,Golden State Warriors,3,8,14,Made Shot,Running Layup Shot,2PT Field Goal,Restricted Area,Center(C),Less Than 8 ft.,2,-23,3,1,1,20250411,POR,GSW
Shot Chart Detail,0022401183,423,201939,Stephen Curry,1610612744,Golden State Warriors,3,8,1,Missed Shot,Running Jump Shot,3PT Field Goal,Above the Break 3,Right Side Center(RC),24+ ft.,28,146,239,1,0,20250411,POR,GSW
Shot Chart Detail,0022401183,466,201939,Stephen Curry,1610612744,Golden State Warriors,3,5,13,Missed Shot,Pullup Jump shot,3PT Field Goal,Above the Break 3,Right Side Center(RC),24+ ft.,31,114,292,1,0,20250411,POR,GSW
Shot Chart Detail,0022401183,478,201939,Stephen Curry,1610612744,Golden State Warriors,3,4,28,Missed Shot,Step Back Jump shot,3PT Field Goal,Above the Break 3,Center(C),24+ ft.,27,67,262,1,0,20250411,POR,GSW
Shot Chart Detail,0022401198,35,201939,Stephen Curry,1610612744,Golden State Warriors,1,8,46,Made Shot,Jump Shot,3PT Field Goal,Above the Break 3,Left Side Center(LC),24+ ft.,25,-175,182,1,1,20250413,GSW,LAC
Shot Chart Detail,0022401198,66,201939,Stephen Curry,1610612744,Golden State Warriors,1,5,54,Missed Shot,Driving Floating Jump Shot,2PT Field Goal,Mid-Range,Left Side(L),8-16 ft.,10,-85,61,1,0,20250413,GSW,LAC
Shot Chart Detail,0022401198,236,201939,Stephen Curry,1610612744,Golden State Warriors,2,6,5,Missed Shot,Step Back Jump shot,2PT Field Goal,Mid-Range,Left Side(L),8-16 ft.,14,-121,88,1,0,20250413,GSW,LAC
Shot Chart Detail,0022401198,259,201939,Stephen Curry,1610612744,Golden State Warriors,2,4,14,Missed Shot,Pullup Jump shot,3PT Field Goal,Above the Break 3,Left Side Center(LC),24+ ft.,27,-86,263,1,0,20250413,GSW,LAC
Shot Chart Detail,0022401198,266,201939,Stephen Curry,1610612744,Golden State Warriors,2,3,50,Missed Shot,Jump Shot,3PT Field Goal,Right Corner 3,Right Side(R),24+ ft.,23,233,36,1,0,20250413,GSW,LAC
Shot Chart Detail,0022401198,299,201939,Stephen Curry,1610612744,Golden State Warriors,2,1,20,Made Shot,Jump Shot,3PT Field Goal,Above the Break 3,Right Side Center(RC),24+ ft.,26,201,173,1,1,20250413,GSW,LAC
Shot Chart Detail,0022401198,313,201939,Stephen Curry,1610612744,Golden State Warriors,2,0,40,Missed Shot,Pullup Jump shot,3PT Field Goal,Above the Break 3,Right Side Center(RC),24+ ft.,26,102,246,1,0,20250413,GSW,LAC
Shot Chart Detail,0022401198,321,201939,Stephen Curry,1610612744,Golden State Warriors,2,0,7,Made Shot,Jump Shot,3PT Field Goal,Above the Break 3,Left Side Center(LC),24+ ft.,25,-203,156,1,1,20250413,GSW,LAC
Shot Chart Detail,0022401198,385,201939,Stephen Curry,1610612744,Golden State Warriors,3,6,26,Missed Shot,Driving Reverse Layup Shot,2PT Field Goal,In The Paint (Non-RA),Center(C),Less Than 8 ft.,4,-27,32,1,0,20250413,GSW,LAC
Shot Chart Detail,0022401198,388,201939,Stephen Curry,1610612744,Golden State Warriors,3,5,46,Made Shot,Driving Finger Roll Layup Shot,2PT Field Goal,In The Paint (Non-RA),Center(C),Less Than 8 ft.,6,-1,67,1,1,20250413,GSW,LAC
Shot Chart Detail,0022401198,406,201939,Stephen Curry,1610612744,Golden State Warriors,3,4,1,Missed Shot,Pullup Jump shot,3PT Field Goal,Above the Break 3,Right Side Center(RC),24+ ft.,29,161,242,1,0,20250413,GSW,LAC
Shot Chart Detail,0022401198,409,201939,Stephen Curry,1610612744,Golden State Warriors,3,3,35,Missed Shot,Driving Floating Jump Shot,2PT Field Goal,In The Paint (Non-RA),Right Side(R),8-16 ft.,12,69,101,1,0,20250413,GSW,LAC
Shot Chart Detail,0022401198,510,201939,Stephen Curry,1610612744,Golden State Warriors,4,7,52,Made Shot,Step Back Jump shot,3PT Field Goal,Above the Break 3,Left Side Center(LC),24+ ft.,30,-137,278,1,1,20250413,GSW,LAC
Shot Chart Detail,0022401198,530,201939,Stephen Curry,1610612744,Golden State Warriors,4,6,43,Made Shot,Running Layup Shot,2PT Field Goal,Restricted Area,Center(C),Less Than 8 ft.,3,23,23,1,1,20250413,GSW,LAC
Shot Chart Detail,0022401198,536,201939,Stephen Curry,1610612744,Golden State Warriors,4,5,58,Made Shot,Driving Floating Jump Shot,2PT Field Goal,In The Paint (Non-RA),Center(C),8-16 ft.,11,31,106,1,1,20250413,GSW,LAC
Shot Chart Detail,0022401198,549,201939,Stephen Curry,1610612744,Golden State Warriors,4,3,38,Made Shot,Jump Shot,3PT Field Goal,Left Corner 3,Left Side(L),24+ ft.,24,-237,38,1,1,20250413,GSW,LAC
Shot Chart Detail,0022401198,570,201939,Stephen Curry,1610612744,Golden State Warriors,4,1,56,Made Shot,Pullup Jump shot,3PT Field Goal,Above the Break 3,Left Side Center(LC),24+ ft.,27,-97,256,1,1,20250413,GSW,LAC
Shot Chart Detail,0022401198,601,201939,Stephen Curry,1610612744,Golden State Warriors,5,3,57,Missed Shot,Alley Oop Layup shot,2PT Field Goal,Restricted Area,Center(C),Less Than 8 ft.,2,17,16,1,0,20250413,GSW,LAC
Shot Chart Detail,0022401198,619,201939,Stephen Curry,1610612744,Golden State Warriors,5,2,6,Made Shot,Jump Shot,3PT Field Goal,Above the Break 3,Right Side Center(RC),24+ ft.,27,180,207,1,1,20250413,GSW,LAC
Shot Chart Detail,0022401198,670,201939,Stephen Curry,1610612744,Golden State Warriors,5,0,1,Missed Shot,Pullup Jump shot,3PT Field Goal,Backcourt,Back Court(BC),Back Court Shot,65,-202,622,1,0,20250413,GSW,LAC
Shot Chart Detail,0022401204,38,201939,Stephen Curry,1610612744,Golden State Warriors,1,8,23,Made Shot,Jump Shot,3PT Field Goal,Left Corner 3,Left Side(L),24+ ft.,23,-228,33,1,1,20241211,HOU,GSW
Shot Chart Detail,0022401204,62,201939,Stephen Curry,1610612744,Golden State Warriors,1,5,45,Missed Shot,Pullup Jump shot,3PT Field Goal,Above the Break 3,Center(C),24+ ft.,27,65,268,1,0,20241211,HOU,GSW
Shot Chart Detail,0022401204,134,201939,Stephen Curry,1610612744,Golden State Warriors,1,1,0,Made Shot,Step Back Jump shot,3PT Field Goal,Above the Break 3,Right Side Center(RC),24+ ft.,25,224,112,1,1,20241211,HOU,GSW
Shot Chart Detail,0022401204,166,201939,Stephen Curry,1610612744,Golden State Warriors,2,11,29,Made Shot,Driving Finger Roll Layup Shot,2PT Field Goal,In The Paint (Non-RA),Center(C),8-16 ft.,11,-4,113,1,1,20241211,HOU,GSW
Shot Chart Detail,0022401204,182,201939,Stephen Curry,1610612744,Golden State Warriors,2,10,4,Missed Shot,Pullup Jump shot,3PT Field Goal,Above the Break 3,Left Side Center(LC),24+ ft.,27,-168,220,1,0,20241211,HOU,GSW
Shot Chart Detail,0022401204,207,201939,Stephen Curry,1610612744,Golden State Warriors,2,8,13,Missed Shot,Step Back Jump shot,3PT Field Goal,Above the Break 3,Right Side Center(RC),24+ ft.,26,162,209,1,0,20241211,HOU,GSW
Shot Chart Detail,0022401204,219,201939,Stephen Curry,1610612744,Golden State Warriors,2,7,33,Missed Shot,Driving Layup Shot,2PT Field Goal,Restricted Area,Center(C),Less Than 8 ft.,1,-16,11,1,0,20241211,HOU,GSW
Shot Chart Detail,0022401204,299,201939,Stephen Curry,1610612744,Golden State Warriors,2,1,21,Made Shot,Running Finger Roll Layup Shot,2PT Field Goal,Restricted Area,Center(C),Less Than 8 ft.,1,11,4,1,1,20241211,HOU,GSW
Shot Chart Detail,0022401204,312,201939,Stephen Curry,1610612744,Golden State Warriors,2,0,2,Missed Shot,Pullup Jump shot,3PT Field Goal,Above the Break 3,Right Side Center(RC),24+ ft.,30,125,273,1,0,20241211,HOU,GSW
Shot Chart Detail,0022401204,334,201939,Stephen Curry,1610612744,Golden State Warriors,3,10,38,Missed Shot,Driving Floating Bank Jump Shot,2PT Field Goal,Mid-Range,Right Side Center(RC),16-24 ft.,18,145,110,1,0,20241211,HOU,GSW
Shot Chart Detail,0022401204,350,201939,Stephen Curry,1610612744,Golden State Warriors,3,9,19,Made Shot,Pullup Jump shot,2PT Field Goal,Mid-Range,Left Side Center(LC),16-24 ft.,19,-100,163,1,1,20241211,HOU,GSW
Shot Chart Detail,0022401204,357,201939,Stephen Curry,1610612744,Golden State Warriors,3,8,9,Made Shot,Driving Finger Roll Layup Shot,2PT Field Goal,Restricted Area,Center(C),Less Than 8 ft.,2,-23,5,1,1,20241211,HOU,GSW
Shot Chart Detail,0022401204,379,201939,Stephen Curry,1610612744,Golden State Warriors,3,5,49,Made Shot,Driving Floating Jump Shot,2PT Field Goal,Mid-Range,Right Side(R),8-16 ft.,9,85,32,1,1,20241211,HOU,GSW
Shot Chart Detail,0022401204,482,201939,Stephen Curry,1610612744,Golden State Warriors,4,9,53,Made Shot,Jump Shot,3PT Field Goal,Above the Break 3,Center(C),24+ ft.,25,76,241,1,1,20241211,HOU,GSW
Shot Chart Detail,0022401204,501,201939,Stephen Curry,1610612744,Golden State Warriors,4,8,14,Missed Shot,Jump Shot,2PT Field Goal,Mid-Range,Left Side Center(LC),16-24 ft.,20,-115,173,1,0,20241211,HOU,GSW
Shot Chart Detail,0022401204,559,201939,Stephen Curry,1610612744,Golden State Warriors,4,3,12,Missed Shot,Pullup Jump shot,3PT Field Goal,Above the Break 3,Center(C),24+ ft.,25,-71,243,1,0,20241211,HOU,GSW
Shot Chart Detail,0022401204,612,201939,Stephen Curry,1610612744,Golden State Warriors,4,0,11,Missed Shot,Step Back Jump shot,3PT Field Goal,Above the Break 3,Center(C),24+ ft.,24,-45,242,1,0,20241211,HOU,GSW
Shot Chart Detail,0022401228,60,201939,Stephen Curry,1610612744,Golden State Warriors,1,7,28,Made Shot,Pullup Jump shot,3PT Field Goal,Above the Break 3,Right Side Center(RC),24+ ft.,29,180,228,1,1,20241215,GSW,DAL
Shot Chart Detail,0022401228,141,201939,Stephen Curry,1610612744,Golden State Warriors,1,1,43,Made Shot,Jump Shot,3PT Field Goal,Above the Break 3,Left Side Center(LC),24+ ft.,27,-169,217,1,1,20241215,GSW,DAL
Shot Chart Detail,0022401228,151,201939,Stephen Curry,1610612744,Golden State Warriors,1,0,50,Missed Shot,Jump Shot,3PT Field Goal,Above the Break 3,Right Side Center(RC),24+ ft.,29,102,277,1,0,20241215,GSW,DAL
Shot Chart Detail,0022401228,185,201939,Stephen Curry,1610612744,Golden State Warriors,2,10,54,Made Shot,Step Back Jump shot,3PT Field Goal,Above the Break 3,Right Side Center(RC),24+ ft.,27,183,205,1,1,20241215,GSW,DAL
Shot Chart Detail,0022401228,211,201939,Stephen Curry,1610612744,Golden State Warriors,2,8,5,Missed Shot,Pullup Jump shot,3PT Field Goal,Above the Break 3,Right Side Center(RC),24+ ft.,28,162,230,1,0,20241215,GSW,DAL
Shot Chart Detail,0022401228,292,201939,Stephen Curry,1610612744,Golden State Warriors,2,3,10,Made Shot,Jump Shot,3PT Field Goal,Above the Break 3,Left Side Center(LC),24+ ft.,26,-138,228,1,1,20241215,GSW,DAL
Shot Chart Detail,0022401228,296,201939,Stephen Curry,1610612744,Golden State Warriors,2,2,36,Missed Shot,Driving Reverse Layup Shot,2PT Field Goal,Restricted Area,Center(C),Less Than 8 ft.,2,20,10,1,0,20241215,GSW,DAL
Shot Chart Detail,0022401228,351,201939,Stephen Curry,1610612744,Golden State Warriors,3,11,19,Made Shot,Jump Shot,3PT Field Goal,Above the Break 3,Right Side Center(RC),24+ ft.,27,183,208,1,1,20241215,GSW,DAL
Shot Chart Detail,0022401228,374,201939,Stephen Curry,1610612744,Golden State Warriors,3,9,6,Made Shot,Driving Finger Roll Layup Shot,2PT Field Goal,Restricted Area,Center(C),Less Than 8 ft.,2,-25,13,1,1,20241215,GSW,DAL
Shot Chart Detail,0022401228,491,201939,Stephen Curry,1610612744,Golden State Warriors,3,1,59,Missed Shot,Driving Finger Roll Layup Shot,2PT Field Goal,In The Paint (Non-RA),Center(C),Less Than 8 ft.,4,39,14,1,0,20241215,GSW,DAL
Shot Chart Detail,0022401228,497,201939,Stephen Curry,1610612744,Golden State Warriors,3,1,33,Made Shot,Jump Shot,3PT Field Goal,Left Corner 3,Left Side(L),24+ ft.,23,-238,-17,1,1,20241215,GSW,DAL
Shot Chart Detail,0022401228,508,201939,Stephen Curry,1610612744,Golden State Warriors,3,1,3,Missed Shot,Driving Finger Roll Layup Shot,2PT Field Goal,In The Paint (Non-RA),Center(C),Less Than 8 ft.,5,58,4,1,0,20241215,GSW,DAL
Shot Chart Detail,0022401228,539,201939,Stephen Curry,1610612744,Golden State Warriors,4,11,1,Made Shot,Driving Finger Roll Layup Shot,2PT Field Goal,In The Paint (Non-RA),Center(C),Less Than 8 ft.,5,-42,32,1,1,20241215,GSW,DAL
Shot Chart Detail,0022401228,562,201939,Stephen Curry,1610612744,Golden State Warriors,4,9,39,Missed Shot,Pullup Jump shot,3PT Field Goal,Above the Break 3,Right Side Center(RC),24+ ft.,26,183,197,1,0,20241215,GSW,DAL
Shot Chart Detail,0022401228,567,201939,Stephen Curry,1610612744,Golden State Warriors,4,9,14,Missed Shot,Driving Floating Jump Shot,2PT Field Goal,In The Paint (Non-RA),Center(C),Less Than 8 ft.,6,7,66,1,0,20241215,GSW,DAL
Shot Chart Detail,0022401228,622,201939,Stephen Curry,1610612744,Golden State Warriors,4,5,41,Made Shot,Running Pull-Up Jump Shot,3PT Field Goal,Above the Break 3,Right Side Center(RC),24+ ft.,29,188,222,1,1,20241215,GSW,DAL
Shot Chart Detail,0022401228,643,201939,Stephen Curry,1610612744,Golden State Warriors,4,3,34,Missed Shot,Jump Shot,3PT Field Goal,Above the Break 3,Center(C),24+ ft.,25,43,255,1,0,20241215,GSW,DAL
Shot Chart Detail,0022401228,658,201939,Stephen Curry,1610612744,Golden State Warriors,4,1,42,Missed Shot,Pullup Jump shot,3PT Field Goal,Above the Break 3,Right Side Center(RC),24+ ft.,27,190,200,1,0,20241215,GSW,DAL
Shot Chart Detail,0022401228,666,201939,Stephen Curry,1610612744,Golden State Warriors,4,1,25,Missed Shot,Jump Shot,3PT Field Goal,Above the Break 3,Right Side Center(RC),24+ ft.,28,127,255,1,0,20241215,GSW,DAL
